overall_accuracy,overall_avg_response_time,overall_task_completion_rate,overall_retry_count,overall_hint_count,overall_prompt_dependency_score,overall_idle_time_seconds,overall_invalid_touch_count,copy_me_accuracy,match_it_accuracy,my_turn_your_turn_accuracy,do_what_i_say_accuracy,communication_level,social_level,play_level,attention_level
0.3352,5.9302,0.3808,1,6,0.0283,45,2,0.6255,0.0725,0.2975,0.2509,1,0,0,1
0.3416,9.9611,0.4169,2,2,0.6632,40,0,0.0739,0.229,0.6349,0.5404,0,1,0,0
0.4185,7.1304,0.4347,2,6,0.9245,40,15,0.9115,0.3529,0.1335,0.137,1,0,0,0
0.72,2.3378,0.611,0,2,0.2212,11,6,0.7965,0.6067,0.8255,0.5696,1,2,1,2
0.3822,3.297,0.5397,1,4,0.6927,32,12,0.6221,0.3783,0.3832,0.2386,1,0,0,0
0.7303,4.8123,0.79,1,8,0.2544,11,1,0.9406,0.626,0.5513,0.6662,2,1,1,2
0.5959,7.3944,0.5692,3,8,0.2496,13,5,0.8387,0.3332,0.6399,0.4061,1,1,0,2
0.4874,9.8168,0.4401,0,4,0.4011,5,13,0.4095,0.2474,0.9478,0.5086,1,2,0,1
0.7565,4.3017,0.8855,0,3,0.6089,34,11,0.9465,0.5262,0.924,0.8247,2,2,1,0
0.6231,4.6337,0.5677,3,1,0.607,46,17,0.4584,0.9084,0.8383,0.2871,0,2,2,0
0.5875,10.7266,0.6185,2,1,0.7901,1,19,0.7363,0.5354,0.7508,0.5273,1,2,1,0
0.5462,6.4905,0.6794,1,8,0.5223,38,3,0.8402,0.9023,0.1271,0.4874,1,0,2,0
0.4485,6.1001,0.4564,1,2,0.4917,50,13,0.4308,0.2406,0.5354,0.7069,1,1,0,0
0.3169,10.5262,0.4176,1,7,0.0673,11,18,0.3543,0.5795,0.2571,0.2482,0,0,1,1
0.4642,2.5178,0.5631,2,5,0.4095,40,4,0.2428,0.1691,0.892,0.5639,1,2,0,2
0.5994,3.4972,0.594,2,2,0.4262,43,5,0.7062,0.656,0.9357,0.1386,1,2,1,2
0.6125,11.6745,0.5201,4,1,0.88,50,17,0.2748,0.8809,0.4488,0.8252,1,1,2,0
0.2987,6.2776,0.4571,6,11,0.4019,13,16,0.4871,0.2424,0.4109,0.1028,0,1,0,1
0.4851,2.1002,0.4831,3,9,0.555,27,15,0.5502,0.6966,0.1893,0.317,1,0,1,0
0.3709,10.848,0.4302,4,7,0.2339,12,2,0.1917,0.9147,0.1221,0.2172,0,0,2,2
0.574,8.5527,0.6826,2,7,0.285,12,8,0.4273,0.5753,0.5205,0.8912,1,1,1,1
0.5756,10.7491,0.5715,2,1,0.8353,13,19,0.1153,0.4625,0.9486,0.9465,1,2,1,0
0.771,8.4656,0.6576,1,1,0.892,41,6,0.8004,0.6832,0.6005,0.9385,2,1,1,0
0.4177,6.6296,0.3468,5,1,0.8601,32,5,0.1463,0.5479,0.2951,0.5943,0,0,1,0
0.3956,5.9907,0.3473,0,10,0.0092,37,11,0.4312,0.299,0.0532,0.744,1,0,0,0
0.6598,9.8593,0.6268,4,2,0.8177,15,18,0.8635,0.541,0.8011,0.5743,2,2,1,0
0.4944,10.5784,0.5589,5,9,0.9274,8,19,0.2746,0.1425,0.7521,0.8457,1,2,0,0
0.5357,9.7674,0.6215,5,8,0.1027,41,5,0.0723,0.7129,0.349,0.8877,1,0,2,1
0.4856,4.9468,0.4129,6,3,0.8211,1,4,0.2502,0.7849,0.4643,0.3247,0,1,2,2
0.6696,11.6066,0.5545,1,4,0.2522,49,4,0.6273,0.4097,0.933,0.5326,1,2,1,1
0.5245,1.5178,0.5801,3,7,0.8793,13,14,0.7057,0.3323,0.5956,0.5103,1,1,0,1
0.482,9.0574,0.4481,2,4,0.2853,16,17,0.7178,0.6536,0.3778,0.113,1,0,1,0
0.3744,4.66,0.3997,0,3,0.5205,45,12,0.4122,0.3161,0.1646,0.4284,1,0,0,0
0.5234,9.8583,0.4826,0,5,0.1612,24,18,0.4369,0.572,0.6392,0.4685,1,1,1,0
0.6383,4.0708,0.5771,4,1,0.4514,10,0,0.6196,0.3517,0.7866,0.726,1,2,0,2
0.4848,9.3851,0.4464,1,4,0.7315,33,0,0.423,0.6168,0.225,0.6767,1,0,1,0
0.4079,8.5096,0.5451,4,10,0.9385,23,16,0.2083,0.9122,0.5162,0.0952,0,1,2,0
0.6969,6.4841,0.7008,1,5,0.2462,45,15,0.8523,0.6014,0.6973,0.5043,1,1,1,0
0.5001,7.1716,0.5138,1,7,0.1315,14,6,0.7392,0.5192,0.6141,0.2971,1,1,1,2
0.4288,7.6328,0.3889,5,8,0.6607,21,18,0.6858,0.1078,0.4168,0.5384,1,1,0,0
0.4209,7.2344,0.5239,1,2,0.5731,21,15,0.3923,0.0553,0.3666,0.7281,1,0,0,0
0.3735,8.0337,0.3243,2,6,0.0256,23,3,0.4423,0.0761,0.3525,0.6612,1,0,0,1
0.2902,9.4929,0.3299,5,9,0.3602,11,7,0.0744,0.6285,0.1721,0.4655,0,0,1,1
0.3009,8.3434,0.2384,6,2,0.7165,33,16,0.277,0.1237,0.0674,0.5355,1,0,0,0
0.2743,3.2618,0.2224,5,1,0.5769,35,15,0.0683,0.1871,0.1636,0.6525,0,0,0,0
0.4627,9.0077,0.5508,4,6,0.0722,48,8,0.7874,0.9182,0.1473,0.0731,1,0,2,0
0.5353,5.998,0.7191,3,3,0.352,39,7,0.1417,0.7452,0.8153,0.5904,0,2,2,0
0.6797,9.2049,0.7733,1,7,0.9172,35,9,0.8146,0.7901,0.145,0.9147,2,0,2,0
0.5192,10.7571,0.6553,3,6,0.2317,42,2,0.5344,0.4851,0.442,0.7079,1,1,1,1
0.3453,8.8624,0.4736,0,10,0.2625,17,18,0.3911,0.0758,0.8159,0.2137,0,2,0,0
0.5309,2.4771,0.5733,4,3,0.2105,25,16,0.1271,0.6981,0.4897,0.7323,1,1,1,1
0.5271,4.1397,0.4852,1,1,0.1146,35,5,0.5734,0.4759,0.5278,0.433,1,1,1,2
0.4308,4.4715,0.5135,1,2,0.0955,49,10,0.5323,0.736,0.2166,0.2447,0,0,2,1
0.3229,10.6188,0.3138,6,7,0.4663,35,3,0.2115,0.0627,0.5307,0.2969,0,1,0,1
0.3519,2.2779,0.3272,0,2,0.598,41,8,0.4725,0.4464,0.2159,0.0962,0,0,1,0
0.5217,6.987,0.5469,2,8,0.428,40,5,0.5566,0.3235,0.9445,0.1566,0,2,0,1
0.6424,8.4345,0.7552,1,1,0.1492,10,4,0.941,0.3248,0.6089,0.5987,2,1,0,2
0.3242,8.7175,0.4278,5,7,0.8777,35,9,0.0524,0.4555,0.5844,0.3121,0,1,1,0
0.6418,3.2422,0.7541,4,5,0.2922,41,1,0.6451,0.8903,0.4326,0.5401,1,1,2,2
0.4996,1.9185,0.4804,2,3,0.4104,25,2,0.3097,0.1619,0.6698,0.6798,1,1,0,2
0.6496,1.9224,0.7544,2,6,0.7185,34,5,0.1322,0.9157,0.8024,0.5677,0,2,2,1
0.5706,8.5364,0.4943,2,6,0.8148,17,7,0.8745,0.2133,0.5768,0.6213,2,1,0,0
0.6298,5.7438,0.613,5,6,0.4889,16,19,0.3094,0.9007,0.7822,0.5451,1,2,2,0
0.4143,7.2668,0.445,3,7,0.8813,38,4,0.5383,0.4219,0.2188,0.3756,1,0,1,0
0.453,11.9187,0.5248,3,1,0.8673,28,2,0.1593,0.9258,0.598,0.2654,0,1,2,0
0.6024,7.2883,0.7338,5,4,0.3644,49,5,0.7989,0.4985,0.6949,0.508,1,1,1,1
0.6736,4.4698,0.8157,3,8,0.2836,25,16,0.8414,0.8276,0.2986,0.761,2,0,2,1
0.3976,3.4808,0.4283,3,2,0.6626,23,6,0.4907,0.1837,0.5347,0.3606,1,1,0,1
0.5917,11.7986,0.5571,0,5,0.4706,33,16,0.748,0.0893,0.7202,0.6847,2,2,0,0
0.6768,8.3752,0.6885,2,8,0.1466,36,8,0.5812,0.8327,0.8368,0.4463,1,2,2,0
0.6551,9.0465,0.7347,4,0,0.7214,19,6,0.3547,0.6734,0.6349,0.8166,1,1,1,0
0.6637,10.6621,0.6475,3,8,0.4215,5,13,0.1116,0.618,0.8788,0.9477,1,2,1,1
0.3544,3.2848,0.4226,5,7,0.075,28,16,0.0914,0.7665,0.314,0.3874,0,0,2,1
0.4209,10.9627,0.4093,1,5,0.6437,0,16,0.2667,0.8715,0.1788,0.465,0,0,2,0
0.4742,6.5737,0.6105,3,6,0.2253,10,8,0.361,0.5788,0.625,0.4319,0,1,1,1
0.6854,2.015,0.7494,2,7,0.5761,34,15,0.9434,0.3157,0.9302,0.6424,2,2,0,0
0.5237,8.4214,0.5652,3,9,0.7964,34,14,0.3076,0.769,0.5964,0.3671,0,1,2,0
0.5177,3.3442,0.417,3,10,0.1256,15,15,0.6317,0.328,0.4467,0.5716,1,1,0,2
0.6521,5.0565,0.6401,5,1,0.1094,40,15,0.5278,0.8721,0.7974,0.2813,1,2,2,0
0.8912,1.6461,0.9456,2,5,0.5097,18,16,0.9199,0.8241,0.7018,0.9319,2,2,2,0
0.6903,7.3948,0.6879,1,0,0.8695,1,18,0.6551,0.5761,0.7902,0.8963,2,2,1,0
0.5638,2.5205,0.7364,1,4,0.8429,15,10,0.7915,0.8684,0.322,0.4175,1,0,2,1
0.6994,6.6381,0.6138,5,0,0.3877,21,2,0.6534,0.7188,0.9014,0.4272,1,2,2,1
0.5994,5.2661,0.7109,1,1,0.3782,27,20,0.3835,0.449,0.9055,0.8199,1,2,1,0
0.6463,2.8222,0.5419,0,7,0.5363,39,5,0.8132,0.4592,0.6465,0.6275,2,1,1,1
0.3796,3.0192,0.5399,2,2,0.1235,0,17,0.2364,0.2444,0.8327,0.3457,0,2,0,2
0.3594,9.288,0.3666,5,5,0.4998,9,1,0.645,0.0732,0.0634,0.761,2,0,0,2
0.523,6.9752,0.3893,5,1,0.4351,39,17,0.7502,0.5119,0.1481,0.5035,1,0,1,0
0.5538,2.1897,0.4312,4,5,0.2613,4,12,0.4811,0.4115,0.6675,0.4912,1,1,1,2
0.579,8.3346,0.4932,4,2,0.7305,35,17,0.3427,0.9452,0.5275,0.4583,1,1,2,0
0.3729,5.4302,0.305,6,1,0.145,21,13,0.4564,0.2556,0.355,0.4581,1,0,0,0
0.4773,4.9613,0.4852,2,7,0.1161,29,11,0.7986,0.1339,0.1369,0.7149,2,0,0,1
0.8043,8.3957,0.7822,0,6,0.213,29,4,0.7253,0.8313,0.699,0.9216,2,1,2,1
0.6496,8.2483,0.7587,5,7,0.0249,41,12,0.3808,0.7363,0.5667,0.7765,1,1,2,0
0.3624,5.7082,0.2799,4,0,0.1348,43,11,0.2907,0.2124,0.6824,0.3281,0,1,0,0
0.4244,2.392,0.5178,1,6,0.05,39,11,0.7215,0.2436,0.4278,0.3568,1,1,0,1
0.5153,6.0141,0.4894,4,5,0.2691,38,2,0.6566,0.2949,0.6457,0.4871,1,1,0,1
0.3849,4.183,0.4095,0,8,0.3117,11,3,0.6504,0.0909,0.4057,0.5894,1,1,0,2
0.4793,1.9442,0.5475,5,9,0.0178,4,17,0.2081,0.3922,0.6833,0.5002,0,1,0,2
0.5237,7.9903,0.4674,5,1,0.7904,16,16,0.5682,0.5661,0.6885,0.4259,1,1,1,0
0.5347,3.2654,0.5227,1,5,0.485,17,7,0.81,0.269,0.58,0.5216,1,1,0,1
0.7119,7.8252,0.6394,3,1,0.7222,7,4,0.8653,0.3644,0.7046,0.7871,2,2,0,1
0.6707,8.0575,0.8068,3,1,0.821,28,13,0.7456,0.4947,0.729,0.7339,2,2,1,0
0.2504,2.0973,0.3216,1,10,0.7901,16,9,0.1115,0.448,0.3225,0.2972,0,0,1,0
0.6045,10.0031,0.697,2,4,0.6192,45,9,0.8198,0.6035,0.5064,0.4664,1,1,1,0
0.3078,4.1013,0.4021,3,6,0.4159,25,3,0.1858,0.1057,0.1432,0.8592,1,0,0,2
0.3091,2.1921,0.3747,4,3,0.0898,39,13,0.1929,0.3856,0.3046,0.4179,0,0,0,1
0.7443,11.6608,0.8067,2,5,0.6636,7,7,0.7014,0.6409,0.8657,0.836,2,2,1,0
0.6249,8.6969,0.6611,3,4,0.5001,41,15,0.8942,0.3286,0.389,0.7625,2,0,0,0
0.3465,2.3102,0.3233,1,9,0.8022,11,3,0.3756,0.3763,0.2122,0.2428,0,0,0,2
0.5476,10.2291,0.4538,4,2,0.7325,19,3,0.8016,0.8453,0.084,0.3531,1,0,2,0
0.441,7.1071,0.4178,5,5,0.294,37,9,0.4439,0.4198,0.6587,0.2638,0,1,1,0
0.7514,11.6458,0.7257,4,1,0.776,19,11,0.8016,0.3811,0.9024,0.936,2,2,0,0
0.5322,9.5127,0.6834,5,1,0.2592,43,6,0.275,0.6271,0.8367,0.5491,1,2,1,1
0.4978,3.9757,0.4195,2,0,0.9448,3,10,0.4437,0.9018,0.2498,0.456,1,0,2,1
0.7363,2.9573,0.7443,2,0,0.6703,41,14,0.8877,0.8053,0.635,0.7622,2,1,2,0
0.4595,4.6621,0.4687,2,8,0.0454,6,6,0.1213,0.2803,0.8015,0.5439,0,2,0,2
0.4674,6.007,0.5446,1,4,0.5841,12,3,0.4614,0.1498,0.8646,0.5871,1,2,0,1
0.4559,5.5998,0.4801,4,10,0.4466,49,11,0.6479,0.1271,0.9272,0.1109,0,2,0,0
0.389,4.9914,0.4228,3,9,0.0421,39,15,0.2783,0.0646,0.7597,0.3603,0,2,0,1
0.5389,6.3056,0.6286,0,2,0.2788,3,16,0.2076,0.7512,0.4682,0.6759,1,1,2,1
0.6122,5.2482,0.5713,4,3,0.7418,38,4,0.0877,0.89,0.5138,0.9402,1,1,2,0
0.5676,6.724,0.5248,3,8,0.8781,49,10,0.162,0.3812,0.8505,0.719,1,2,0,0
0.5565,4.7182,0.5322,2,6,0.5725,4,13,0.7044,0.121,0.5922,0.7901,2,1,0,1
0.4635,2.2879,0.3823,2,8,0.6056,49,19,0.3664,0.0881,0.833,0.3673,0,2,0,0
0.6142,5.3464,0.4948,3,5,0.3637,3,16,0.6615,0.9075,0.1785,0.5968,1,0,2,1
0.6791,4.1209,0.704,4,4,0.1078,20,13,0.6612,0.9039,0.3848,0.7368,1,0,2,1
0.3756,6.6576,0.53,5,5,0.1165,14,18,0.3983,0.5555,0.2856,0.2843,0,0,1,1
0.5601,7.1928,0.5054,5,7,0.8468,17,1,0.8588,0.4506,0.129,0.6637,2,0,1,0
0.6573,1.776,0.6454,2,7,0.5263,7,16,0.8846,0.6239,0.7643,0.5079,1,2,1,1
0.4508,10.1451,0.4805,6,7,0.0701,26,15,0.5465,0.6008,0.1276,0.3284,1,0,1,0
0.6074,6.0425,0.6393,0,1,0.8652,9,19,0.455,0.6621,0.3601,0.8402,1,0,1,0
0.3383,4.1314,0.4889,3,1,0.6033,45,17,0.1877,0.1982,0.3404,0.6884,1,0,0,0
0.4333,7.854,0.3277,3,9,0.8004,33,14,0.3225,0.5301,0.5023,0.2018,0,1,1,0
0.3558,6.7294,0.4324,2,11,0.5958,21,13,0.0755,0.0909,0.6273,0.5691,0,1,0,0
0.5181,3.6422,0.4758,2,7,0.5763,22,10,0.4847,0.7742,0.6665,0.3177,1,1,2,0
0.6448,4.3085,0.6982,0,2,0.2355,16,9,0.7108,0.8247,0.9278,0.1677,1,2,2,1
0.4914,9.5128,0.5073,3,5,0.4734,29,6,0.3957,0.6038,0.2734,0.8288,1,0,1,1
0.4977,6.6964,0.4048,4,5,0.8382,18,1,0.3277,0.0709,0.9007,0.5049,1,2,0,0
0.6796,7.488,0.7478,3,1,0.1849,18,8,0.533,0.8125,0.4378,0.8442,1,1,2,0
0.639,9.8464,0.5506,5,7,0.3221,49,8,0.5038,0.738,0.3017,0.9402,2,0,2,0
0.2958,7.8657,0.3153,2,7,0.4897,24,9,0.2292,0.5082,0.5001,0.0908,0,1,1,0
0.5268,4.6478,0.6502,2,6,0.775,27,14,0.1963,0.9416,0.7154,0.3193,0,2,2,0
0.7631,9.7205,0.6509,3,6,0.7374,24,19,0.9319,0.5753,0.7671,0.7028,2,2,1,0
0.5348,11.4562,0.4376,0,3,0.1044,34,1,0.5752,0.2035,0.6161,0.6078,1,1,0,1
0.5482,2.9499,0.6244,2,6,0.197,37,1,0.1863,0.6715,0.4193,0.7475,1,1,1,2
0.4673,8.2547,0.4716,3,2,0.6586,39,14,0.5229,0.3324,0.2059,0.8709,1,0,0,0
0.4803,4.8289,0.4728,5,8,0.3314,10,14,0.2719,0.5523,0.2524,0.9256,1,0,1,2
0.4246,4.5498,0.4812,4,4,0.2732,48,16,0.2961,0.1597,0.659,0.3917,0,1,0,1
0.3644,7.9646,0.4938,2,7,0.5575,35,3,0.4481,0.2808,0.4812,0.2319,0,1,0,0
0.4396,7.2787,0.343,2,10,0.8826,39,0,0.5279,0.6242,0.0972,0.422,1,0,1,0
0.5989,7.5284,0.6783,4,8,0.5084,45,2,0.8406,0.4797,0.2295,0.9175,2,0,1,0
0.5749,11.3344,0.6822,5,8,0.914,20,10,0.8719,0.2076,0.844,0.2082,1,2,0,0
0.4037,11.3549,0.5725,3,2,0.8085,27,10,0.0583,0.5612,0.1466,0.9347,1,0,1,0
0.2416,9.4515,0.3572,6,11,0.1667,40,11,0.1514,0.1962,0.463,0.2815,0,1,0,0
0.4906,4.2382,0.4573,4,9,0.2237,16,5,0.7943,0.5138,0.1281,0.6523,2,0,1,2
0.4495,5.7569,0.3458,5,7,0.4774,6,6,0.3218,0.7006,0.0603,0.6383,1,0,2,2
0.4304,9.3512,0.3737,2,6,0.5755,7,3,0.3299,0.1557,0.8745,0.3155,0,2,0,1
0.4502,6.1909,0.5641,0,6,0.6686,44,2,0.4737,0.5338,0.6477,0.2466,0,1,1,0
0.3947,3.6567,0.4117,1,5,0.554,26,2,0.1056,0.5429,0.5049,0.5654,0,1,1,1
0.508,5.6575,0.5678,4,5,0.7756,40,14,0.7778,0.4581,0.5119,0.4611,1,1,1,0
0.4192,5.7931,0.293,5,11,0.7305,47,1,0.0908,0.3601,0.1074,0.9447,1,0,0,0
0.6363,8.4488,0.726,3,3,0.5123,19,14,0.6313,0.4283,0.9436,0.3942,1,2,1,0
0.4661,8.5717,0.3947,3,8,0.5172,1,6,0.2106,0.5335,0.526,0.7051,1,1,1,1
0.479,9.5436,0.3847,0,2,0.8396,40,8,0.2728,0.3615,0.2981,0.8937,1,0,0,0
0.3279,3.7813,0.4581,0,5,0.8205,20,5,0.1408,0.0802,0.588,0.683,1,1,0,1
0.5448,3.0042,0.6031,1,3,0.6272,16,6,0.3103,0.7842,0.7084,0.337,0,2,2,1
0.6928,11.3867,0.687,4,3,0.6378,25,19,0.1049,0.9037,0.8417,0.8704,1,2,2,0
0.4291,9.9606,0.544,3,10,0.869,15,14,0.4247,0.1843,0.3888,0.729,1,0,0,0
0.3206,9.1081,0.4365,2,8,0.181,42,2,0.5516,0.1707,0.2686,0.233,0,0,0,1
0.6184,4.9961,0.6356,0,8,0.9092,24,17,0.5926,0.8363,0.2193,0.7355,1,0,2,0
0.5998,7.2968,0.6766,2,5,0.7367,10,18,0.9159,0.1556,0.9496,0.481,1,2,0,0
0.3768,11.1005,0.5623,2,6,0.3522,23,17,0.3733,0.2854,0.5115,0.4975,1,1,0,0
0.4095,5.4883,0.406,3,7,0.7917,8,7,0.2491,0.1813,0.2847,0.8913,1,0,0,0
0.6785,3.2773,0.687,2,8,0.6843,8,16,0.6664,0.2816,0.7894,0.9199,2,2,0,1
0.3719,5.8301,0.4735,1,8,0.8004,33,15,0.5379,0.6276,0.1029,0.0804,0,0,1,0
0.4055,1.5694,0.443,0,6,0.5241,24,10,0.0582,0.5052,0.3859,0.6061,0,0,1,0
0.536,2.5113,0.6201,1,5,0.1415,45,2,0.2973,0.9297,0.0654,0.7818,1,0,2,2
0.4574,8.6824,0.5081,4,9,0.8055,50,5,0.7837,0.2906,0.4072,0.3857,1,1,0,0
0.4072,6.0561,0.354,3,9,0.7452,9,10,0.7336,0.1342,0.3913,0.5474,1,0,0,0
0.2842,2.2807,0.3693,6,7,0.8793,24,1,0.1358,0.5253,0.0883,0.2403,0,0,1,1
0.5622,2.3078,0.6415,1,8,0.1543,36,8,0.0796,0.8859,0.333,0.9153,1,0,2,1
0.5479,11.7304,0.731,2,8,0.051,36,10,0.4002,0.8569,0.3486,0.73,1,0,2,0
0.6311,6.6513,0.5112,5,4,0.338,14,20,0.3565,0.7421,0.9094,0.407,0,2,2,1
0.5399,8.9726,0.5883,4,3,0.6022,4,3,0.6617,0.6446,0.1271,0.6068,1,0,1,1
0.2025,7.3248,0.1586,0,4,0.3876,9,9,0.1459,0.0547,0.3274,0.3739,0,0,0,1
0.3444,11.0047,0.3621,4,2,0.9293,4,18,0.1338,0.5882,0.342,0.3967,0,0,1,0
0.302,2.3077,0.3543,2,7,0.2391,21,10,0.3927,0.175,0.321,0.4938,1,0,0,1
0.3651,4.9602,0.3033,5,10,0.318,31,16,0.5844,0.226,0.1463,0.3242,1,0,0,1
0.5552,4.5602,0.5637,3,5,0.6602,48,19,0.9268,0.1725,0.3386,0.9026,2,0,0,0
0.4226,8.658,0.5022,6,5,0.5226,30,11,0.2682,0.3884,0.7848,0.4036,0,2,0,0
0.5614,8.15,0.6284,4,7,0.2299,20,10,0.6875,0.4446,0.3122,0.6736,1,0,1,0
0.565,7.2083,0.6016,2,8,0.7512,46,14,0.7602,0.1166,0.9416,0.4813,1,2,0,0
0.5223,11.8279,0.4953,2,7,0.6436,32,1,0.5332,0.6244,0.1265,0.7421,1,0,1,0
0.4258,6.1807,0.4544,5,6,0.3716,29,12,0.9191,0.4374,0.0595,0.2829,1,0,1,0
0.2609,2.9876,0.4097,3,2,0.2963,6,19,0.5004,0.3605,0.0721,0.1441,0,0,0,2
0.503,10.4164,0.4962,4,2,0.6156,41,2,0.4846,0.4785,0.4443,0.6771,1,1,1,0
0.4075,3.4367,0.5411,3,0,0.6085,12,8,0.9355,0.2695,0.207,0.1941,1,0,0,1
0.4738,2.1569,0.4048,5,2,0.0967,38,16,0.6027,0.2276,0.583,0.4,1,1,0,1
0.4822,7.6635,0.5392,5,6,0.3305,30,12,0.3434,0.4618,0.2861,0.8264,1,0,1,0
0.5556,3.422,0.5306,3,4,0.6588,6,6,0.7824,0.6854,0.3177,0.603,1,0,1,2
0.3715,6.6412,0.4135,2,5,0.1333,50,11,0.1741,0.3953,0.2172,0.622,0,0,0,0
0.2072,8.6893,0.3167,6,6,0.3948,25,10,0.0983,0.3731,0.0586,0.1729,0,0,0,0
0.29,9.2964,0.3469,4,1,0.7276,8,9,0.1244,0.0778,0.735,0.3129,0,2,0,0
0.5502,11.8926,0.4283,5,7,0.0973,36,11,0.1528,0.7476,0.791,0.3802,0,2,2,0
0.5531,3.9879,0.5312,3,3,0.7702,50,16,0.3179,0.9494,0.4548,0.3637,0,1,2,0
0.3916,4.4514,0.3727,2,7,0.5118,3,7,0.6897,0.6195,0.1994,0.1753,1,0,1,1
0.608,11.1471,0.5138,4,1,0.9429,48,16,0.3104,0.2906,0.8222,0.9369,1,2,0,0
0.6737,4.3215,0.7166,2,5,0.3935,24,12,0.8295,0.2747,0.6903,0.7956,2,1,0,1
0.4912,1.526,0.4399,4,7,0.7354,48,7,0.8421,0.1338,0.5141,0.3004,1,1,0,0
0.4009,4.3196,0.3519,2,6,0.7869,21,4,0.4626,0.6477,0.3724,0.107,0,0,1,1
0.4723,2.8045,0.4424,2,0,0.8148,39,9,0.5595,0.4868,0.3594,0.6643,1,0,1,0
0.5107,8.3732,0.4354,2,9,0.2379,47,5,0.9122,0.2321,0.6697,0.1687,1,1,0,1
0.376,6.5065,0.4664,1,7,0.1261,35,0,0.199,0.4067,0.325,0.6795,1,0,1,1
0.607,9.173,0.5478,2,8,0.0973,4,8,0.0584,0.676,0.7854,0.9393,1,2,1,1
0.5036,8.3252,0.39,4,6,0.4181,27,0,0.1734,0.7461,0.7278,0.1698,0,2,2,1
0.4833,5.5323,0.4498,2,1,0.9151,38,12,0.1862,0.4205,0.6679,0.824,1,1,1,0
0.4016,8.4133,0.4855,3,5,0.2866,35,17,0.2993,0.1258,0.5481,0.59,1,1,0,0
0.5445,7.7363,0.5228,5,10,0.5019,6,10,0.7231,0.316,0.0991,0.8581,2,0,0,0
0.5979,9.5889,0.6821,0,2,0.0159,38,19,0.8905,0.1688,0.8247,0.5615,2,2,0,0
0.377,2.3655,0.3894,4,3,0.5097,21,14,0.0858,0.1044,0.7604,0.5059,0,2,0,0
0.466,8.6511,0.46,4,7,0.0628,32,17,0.3289,0.5102,0.2329,0.7773,1,0,1,0
0.366,9.2769,0.4228,4,8,0.1135,15,15,0.8118,0.1021,0.1276,0.441,1,0,0,1
0.6172,4.322,0.5369,4,0,0.8421,6,16,0.1974,0.9077,0.5207,0.7547,1,1,2,1
0.4751,6.7459,0.3867,2,3,0.5385,23,7,0.7764,0.2948,0.1075,0.6911,2,0,0,0
0.4172,6.4535,0.3273,1,10,0.3638,43,5,0.1426,0.5665,0.7005,0.2556,0,2,1,1
0.7316,4.3482,0.7201,2,4,0.074,21,14,0.8217,0.5476,0.8726,0.7166,2,2,1,1
0.7405,10.3709,0.6123,3,0,0.3109,23,6,0.8617,0.2114,0.7739,0.9333,2,2,0,1
0.4269,3.5519,0.4784,5,3,0.8554,25,15,0.2306,0.5574,0.3235,0.6104,1,0,1,0
0.308,8.4017,0.3933,5,1,0.8066,48,0,0.0557,0.419,0.2597,0.3618,0,0,1,0
0.3967,10.9215,0.4249,4,4,0.4938,5,18,0.5268,0.2644,0.4928,0.1039,0,1,0,1
0.3719,11.6243,0.2586,2,4,0.2249,28,9,0.9271,0.1264,0.136,0.1702,1,0,0,0
0.6021,7.6394,0.5435,1,4,0.1476,10,16,0.7707,0.6807,0.7118,0.3363,1,2,1,1
0.5067,8.7036,0.4921,4,0,0.7851,6,3,0.4159,0.5323,0.9182,0.2369,0,2,1,1
0.3738,11.9021,0.4166,2,5,0.0295,34,5,0.8023,0.345,0.1321,0.2734,1,0,0,1
0.5234,2.8725,0.4624,2,6,0.7825,42,20,0.7233,0.2749,0.4658,0.7735,2,1,0,0
0.5194,2.8523,0.4833,4,3,0.8598,45,9,0.6302,0.5741,0.2829,0.7815,2,0,1,0
0.3624,3.3145,0.329,1,3,0.204,1,14,0.0884,0.4649,0.2012,0.5665,0,0,1,2
0.4307,4.4376,0.4542,1,9,0.1304,28,1,0.8451,0.0812,0.6073,0.2712,1,1,0,2
0.7185,6.5891,0.7651,2,3,0.867,18,11,0.5232,0.6177,0.772,0.7654,1,2,1,0
0.4409,9.5518,0.3277,6,1,0.9496,50,11,0.2118,0.337,0.2471,0.8562,1,0,0,0
0.6034,9.8726,0.7969,4,7,0.3371,11,17,0.6412,0.2899,0.7847,0.8755,2,2,0,1
0.6027,7.4179,0.4684,1,9,0.535,35,19,0.2085,0.5833,0.7756,0.6779,1,2,1,0
0.498,1.5072,0.4972,1,1,0.872,11,11,0.8435,0.493,0.3281,0.4914,1,0,1,1
0.633,10.388,0.7275,5,3,0.8176,46,15,0.6952,0.8769,0.8099,0.3412,1,2,2,0
0.4052,11.587,0.3809,1,10,0.6167,47,16,0.8977,0.406,0.1409,0.3216,1,0,1,0
0.6512,2.8372,0.5862,5,8,0.6924,15,14,0.6742,0.886,0.7583,0.2509,1,2,2,1
0.5965,7.4383,0.7165,1,7,0.8899,48,4,0.4024,0.9449,0.9187,0.0791,0,2,2,0
0.5204,6.1896,0.6388,1,1,0.252,32,18,0.2642,0.9341,0.2011,0.8468,1,0,2,0
0.2424,5.4765,0.3615,1,6,0.5187,44,10,0.281,0.1472,0.0512,0.3973,0,0,0,0
0.5394,11.4925,0.6935,1,3,0.0705,15,6,0.8276,0.6359,0.6684,0.1964,1,1,1,2
0.5702,11.3956,0.6142,5,1,0.1567,24,1,0.7088,0.5423,0.8583,0.1338,1,2,1,1
0.3409,3.9943,0.4011,4,10,0.0472,13,6,0.1411,0.235,0.221,0.6775,1,0,0,2
0.3444,3.2937,0.3783,1,9,0.2772,10,1,0.1882,0.3747,0.4348,0.3151,0,1,0,2
0.4267,5.3787,0.5036,2,5,0.4235,9,18,0.3275,0.4077,0.4902,0.6449,1,1,1,1
0.3612,11.6924,0.2659,4,9,0.5602,17,11,0.2536,0.2917,0.1055,0.727,1,0,0,0
0.6414,10.9792,0.7643,2,8,0.6786,24,2,0.7866,0.4268,0.532,0.8302,2,1,1,0
0.5749,9.9888,0.4924,2,9,0.1199,49,19,0.7704,0.6598,0.6082,0.1583,1,1,1,0
0.6769,5.575,0.8289,2,2,0.3775,46,1,0.4419,0.9475,0.6145,0.8007,1,1,2,1
0.669,7.6733,0.6717,5,8,0.7205,21,3,0.4623,0.8361,0.7579,0.6108,1,2,2,0
0.3686,7.8941,0.3869,2,2,0.0356,19,10,0.5564,0.1409,0.3075,0.5321,1,0,0,0
0.535,10.9188,0.5113,4,3,0.0192,37,18,0.5978,0.6743,0.0849,0.8506,2,0,1,0
0.4393,10.1711,0.336,3,7,0.2559,49,9,0.3023,0.4925,0.6766,0.1384,0,1,1,0
0.5179,3.1692,0.6088,3,1,0.2956,41,10,0.2191,0.2403,0.7916,0.7169,1,2,0,1
0.5226,11.1393,0.5985,2,8,0.6694,12,9,0.8162,0.8414,0.0761,0.2235,1,0,2,0
0.3286,7.6622,0.3899,1,10,0.3323,9,17,0.5046,0.6219,0.1615,0.0775,0,0,1,1
0.4909,8.2975,0.5677,1,4,0.6438,48,17,0.7241,0.67,0.3066,0.3979,1,0,1,0
0.4459,4.1501,0.4666,2,10,0.7648,30,0,0.068,0.7523,0.7408,0.058,0,2,2,1
0.4283,5.6701,0.4698,3,7,0.0972,34,16,0.6285,0.4314,0.3888,0.3638,1,0,1,0
0.5865,8.2262,0.5337,1,6,0.8184,3,20,0.809,0.3868,0.6326,0.5981,2,1,0,0
0.5639,8.4356,0.6253,4,6,0.6467,40,12,0.8531,0.3189,0.1849,0.7389,2,0,0,0
0.4679,9.1288,0.5913,3,8,0.2112,29,4,0.9477,0.2835,0.4267,0.3994,1,1,0,1
0.7436,2.8434,0.8286,4,6,0.2457,9,2,0.8659,0.6547,0.5066,0.8109,2,1,1,2
0.3253,4.9788,0.4258,2,9,0.2475,15,16,0.2148,0.6617,0.3521,0.1304,0,0,1,2
0.6517,5.5075,0.817,0,7,0.2834,25,17,0.4735,0.8298,0.5752,0.8999,1,1,2,0
0.3868,9.6789,0.3606,4,2,0.4632,16,14,0.1736,0.2303,0.4183,0.5625,0,1,0,0
0.3935,2.4244,0.5177,4,4,0.5838,24,15,0.621,0.0542,0.2962,0.7351,1,0,0,0
0.3941,3.5011,0.3103,4,3,0.6429,16,17,0.9188,0.395,0.084,0.2295,1,0,0,0
0.4077,4.5537,0.3406,4,4,0.6914,41,6,0.6742,0.3599,0.166,0.3952,1,0,0,1
0.7396,5.7356,0.7008,3,1,0.217,47,18,0.8492,0.9459,0.3585,0.8612,2,0,2,0
0.4834,7.1147,0.3777,6,7,0.0462,44,5,0.7107,0.5807,0.2021,0.3799,1,0,1,1
0.4385,8.7995,0.4873,2,7,0.5988,24,3,0.6382,0.0678,0.6708,0.4251,1,1,0,0
0.46,2.6971,0.3532,1,2,0.101,36,2,0.6462,0.293,0.5951,0.1734,1,1,0,2
0.4101,11.2978,0.3404,0,7,0.3141,25,4,0.2867,0.5208,0.2315,0.6831,1,0,1,1
0.5851,4.1869,0.654,5,3,0.2196,36,2,0.8662,0.8017,0.6521,0.1842,1,1,2,2
0.2041,2.4975,0.3255,0,10,0.7203,16,15,0.4678,0.1398,0.2072,0.0855,0,0,0,0
0.4287,3.4201,0.5362,6,3,0.3807,5,16,0.647,0.2035,0.3718,0.4439,1,0,0,2
0.6838,11.3959,0.5824,2,5,0.1514,35,1,0.3971,0.8156,0.7699,0.634,1,2,2,1
0.4952,11.7212,0.4166,5,1,0.1241,34,17,0.772,0.6606,0.2131,0.3918,1,0,1,0
0.3029,7.4326,0.352,4,4,0.929,38,12,0.4202,0.0914,0.2855,0.3328,0,0,0,0
0.4705,10.3098,0.4821,6,1,0.5304,34,8,0.5208,0.6805,0.1357,0.6455,1,0,1,0
0.6497,11.6865,0.5315,1,6,0.0478,25,5,0.6291,0.1912,0.814,0.8167,2,2,0,1
0.472,6.7224,0.5913,1,4,0.6207,22,2,0.4129,0.2615,0.4632,0.7711,1,1,0,0
0.3437,8.5505,0.3079,2,1,0.9028,25,4,0.5514,0.0502,0.1318,0.5938,1,0,0,0
0.4652,9.4729,0.5322,2,8,0.2107,36,2,0.2506,0.459,0.5541,0.6078,1,1,1,1
0.5627,9.0764,0.5492,3,2,0.1016,7,14,0.918,0.3128,0.5198,0.6819,2,1,0,1
0.648,10.2934,0.5533,4,4,0.5594,21,19,0.8872,0.4036,0.4613,0.7533,2,1,1,0
0.5589,6.5708,0.468,5,2,0.4829,47,17,0.6426,0.9106,0.1712,0.4989,1,0,2,0
0.4706,11.7848,0.5812,4,3,0.8701,25,8,0.5707,0.7074,0.1655,0.3987,1,0,2,0
0.6083,8.8657,0.6921,4,8,0.8177,37,6,0.9172,0.9234,0.4576,0.17,1,1,2,0
0.4279,11.5624,0.5114,4,3,0.4787,49,13,0.6193,0.2308,0.6118,0.3115,1,1,0,0
0.4084,4.5022,0.3961,5,6,0.8049,37,17,0.1539,0.367,0.4823,0.5636,0,1,0,0
0.3092,10.3135,0.2244,2,9,0.6561,14,5,0.0727,0.1808,0.6532,0.2299,0,1,0,1
0.4827,3.9948,0.575,5,3,0.7451,37,11,0.0791,0.7826,0.1422,0.8312,1,0,2,0
0.758,4.1391,0.6886,4,7,0.5895,28,0,0.648,0.8838,0.3988,0.911,2,0,2,1
0.7716,11.625,0.7828,1,5,0.2795,30,16,0.797,0.8703,0.6842,0.6329,2,1,2,0
0.3245,4.1777,0.3708,5,2,0.314,7,12,0.2183,0.2064,0.5125,0.3895,0,1,0,2
0.39,5.2599,0.4439,2,2,0.7448,25,11,0.1883,0.3404,0.0958,0.8891,1,0,0,0
0.3177,4.9848,0.2369,1,9,0.3428,11,4,0.2155,0.1114,0.5046,0.4243,0,1,0,2
0.7506,7.9439,0.8669,4,5,0.5901,22,18,0.5274,0.947,0.7913,0.933,2,2,2,0
0.6317,5.4371,0.5984,2,0,0.7627,46,16,0.3388,0.8743,0.9005,0.3973,0,2,2,0
0.5912,2.1875,0.7635,4,8,0.6368,27,0,0.8585,0.2233,0.5125,0.9034,2,1,0,1
0.4956,9.3424,0.5418,3,3,0.1461,32,19,0.4318,0.1435,0.534,0.6825,1,1,0,0
0.3937,8.1173,0.3431,0,7,0.4114,13,8,0.1288,0.0988,0.7648,0.5523,0,2,0,1
0.6325,2.6144,0.6991,2,1,0.7475,4,19,0.5314,0.6273,0.6065,0.7304,1,1,1,1
0.5556,9.8736,0.5916,5,1,0.5184,7,8,0.7387,0.4439,0.4056,0.6447,1,1,1,0
0.7384,2.794,0.8884,3,4,0.0048,28,11,0.6596,0.8728,0.7655,0.7064,1,2,2,1
0.6877,3.19,0.7065,4,2,0.2097,32,10,0.9023,0.3242,0.7235,0.8632,2,2,0,1
0.6973,4.5519,0.8026,0,6,0.064,23,11,0.2132,0.7697,0.817,0.8162,1,2,2,1
0.3704,6.2318,0.4653,2,6,0.5855,45,6,0.4885,0.3478,0.1654,0.6399,1,0,0,0
0.3773,6.0793,0.3883,1,8,0.7981,11,15,0.559,0.378,0.3347,0.4355,1,0,0,0
0.5063,10.5165,0.4451,3,3,0.133,30,17,0.8401,0.4666,0.3729,0.3249,1,0,1,0
0.2885,7.6954,0.1956,4,6,0.861,29,8,0.8477,0.1188,0.1179,0.0668,1,0,0,0
0.61,6.3794,0.7307,2,4,0.4849,37,6,0.9489,0.4749,0.7477,0.3792,1,2,1,1
0.6761,11.4615,0.7381,4,6,0.6264,22,4,0.6464,0.8132,0.7759,0.6026,1,2,2,0
0.3548,11.0311,0.3908,3,5,0.3432,2,4,0.4852,0.3729,0.2469,0.4889,1,0,0,2
0.5145,7.2157,0.6198,4,4,0.1652,42,5,0.0918,0.9325,0.3417,0.6834,0,0,2,1
0.6266,6.612,0.615,3,5,0.458,18,17,0.638,0.8019,0.515,0.3887,1,1,2,0
0.2518,2.7425,0.2274,5,8,0.2188,18,14,0.1751,0.199,0.1194,0.6291,1,0,0,1
0.3831,3.1919,0.2554,0,6,0.5981,2,11,0.4834,0.4809,0.2396,0.1951,0,0,1,1
0.3867,8.4483,0.4177,1,5,0.2693,1,14,0.1003,0.2824,0.212,0.9124,1,0,0,1
0.7038,8.4263,0.7924,3,3,0.2513,41,4,0.9435,0.8306,0.2035,0.7973,2,0,2,1
0.3842,5.9078,0.3739,1,5,0.1421,43,10,0.4581,0.5815,0.2568,0.3969,1,0,1,0
0.4485,10.189,0.5073,4,6,0.8521,7,12,0.6033,0.0851,0.7555,0.503,1,2,0,0
0.3527,7.685,0.4803,5,8,0.7043,39,8,0.5198,0.3833,0.0891,0.5268,1,0,0,0
0.2977,3.4847,0.2326,5,7,0.6737,44,8,0.1379,0.1705,0.4794,0.2593,0,1,0,0
0.3617,4.1631,0.3707,3,4,0.8122,8,13,0.156,0.0565,0.6391,0.669,1,1,0,1
0.5564,4.1647,0.5486,2,7,0.2913,19,11,0.298,0.6625,0.7295,0.4219,0,2,1,1
0.7192,5.7059,0.7994,2,6,0.3215,8,4,0.7122,0.8195,0.6434,0.723,2,1,2,2
0.4225,2.1728,0.3998,0,0,0.2107,46,9,0.6861,0.1947,0.9181,0.0548,0,2,0,1
0.6345,8.2231,0.6627,1,6,0.417,47,16,0.3959,0.936,0.6026,0.5189,1,1,2,0
0.4393,4.0122,0.3956,1,10,0.0003,8,1,0.7735,0.3074,0.0802,0.5896,1,0,0,2
0.5274,4.4872,0.6099,5,3,0.7883,3,2,0.7517,0.3678,0.4056,0.5775,1,1,0,2
0.5521,2.6179,0.5529,2,9,0.0688,13,8,0.917,0.2989,0.5957,0.2251,1,1,0,2
0.8335,9.5847,0.8995,4,3,0.7196,48,11,0.7726,0.911,0.8385,0.7818,2,2,2,0
0.2747,3.9143,0.3764,6,6,0.2999,50,14,0.4646,0.5781,0.0746,0.1546,0,0,1,1
0.3336,6.5038,0.4215,6,3,0.3359,4,19,0.0588,0.799,0.2734,0.1337,0,0,2,1
0.7038,3.629,0.8177,3,1,0.2372,44,4,0.9024,0.6648,0.8689,0.4991,2,2,1,2
0.5938,6.5641,0.6734,3,9,0.5896,27,1,0.146,0.8782,0.6582,0.6471,0,1,2,0
0.8208,2.0686,0.7493,2,4,0.7593,11,12,0.8573,0.8319,0.4917,0.936,2,1,2,1
0.493,1.6241,0.5199,3,3,0.2002,23,14,0.5022,0.4043,0.6677,0.2073,0,1,1,1
0.4202,3.7106,0.4763,2,9,0.6657,18,10,0.6015,0.2837,0.5437,0.2634,1,1,0,0
0.2853,6.0383,0.2374,1,11,0.3618,13,5,0.3017,0.2119,0.168,0.5683,1,0,0,2
0.4666,9.746,0.5294,3,6,0.285,26,14,0.1846,0.7751,0.2089,0.4996,0,0,2,0
0.4893,5.2901,0.5491,5,3,0.5323,22,7,0.4086,0.6715,0.104,0.7824,1,0,1,0
0.4635,9.6932,0.5376,4,5,0.3374,32,3,0.0679,0.1591,0.8306,0.9168,1,2,0,1
0.5793,5.0426,0.5023,3,8,0.5997,8,16,0.7129,0.8507,0.393,0.3079,1,0,2,0
0.2043,6.1714,0.192,3,7,0.8197,32,5,0.1142,0.1958,0.2554,0.3352,0,0,0,0
0.4298,2.3407,0.4725,1,1,0.1586,47,14,0.919,0.4226,0.2155,0.0708,1,0,1,1
0.4928,8.3757,0.3872,2,2,0.8412,13,3,0.8408,0.5436,0.0737,0.4073,1,0,1,1
0.426,6.4996,0.539,3,3,0.9262,43,7,0.3058,0.6138,0.1681,0.8047,1,0,1,0
0.5748,6.9963,0.6228,2,3,0.6076,32,11,0.4504,0.9226,0.6779,0.2093,0,1,2,0
0.5102,10.4034,0.5101,3,0,0.3267,0,16,0.5357,0.7742,0.4477,0.3792,1,1,2,1
0.573,5.4233,0.5532,3,4,0.3911,12,0,0.8799,0.9023,0.4794,0.0582,1,1,2,2
0.4017,11.0545,0.431,4,3,0.7672,12,15,0.1969,0.7134,0.4008,0.3905,0,1,2,0
0.6523,4.3574,0.6564,1,0,0.5916,32,12,0.7186,0.7779,0.4216,0.8181,2,1,2,0
0.2233,3.0822,0.3252,2,4,0.4689,36,5,0.0947,0.5315,0.2173,0.142,0,0,1,2
0.7198,9.6444,0.8477,2,2,0.0678,48,1,0.7695,0.9482,0.4673,0.7623,2,1,2,1
0.6638,9.245,0.5993,2,7,0.0318,39,9,0.8074,0.7855,0.7954,0.1598,1,2,2,0
0.6291,11.3429,0.6287,1,5,0.4949,31,1,0.519,0.9339,0.4755,0.6633,1,1,2,1
0.499,4.3991,0.596,4,0,0.1137,16,3,0.2289,0.8488,0.8273,0.246,0,2,2,2
0.4639,7.9958,0.3992,6,6,0.8843,8,2,0.0878,0.7551,0.4777,0.5866,0,1,2,1
0.5069,9.4453,0.5025,2,2,0.7652,49,16,0.1038,0.6301,0.6812,0.7623,1,1,1,0
0.5167,3.4926,0.5276,2,7,0.1773,15,14,0.6703,0.3724,0.1713,0.8588,2,0,0,2
0.5864,5.3547,0.5683,3,3,0.0007,15,5,0.2978,0.7982,0.873,0.5491,1,2,2,2
0.4372,5.5687,0.5436,3,6,0.4979,33,11,0.217,0.0668,0.8211,0.7484,1,2,0,0
0.4319,10.6717,0.3462,3,1,0.192,42,3,0.6017,0.3403,0.6268,0.1494,0,1,0,1
0.6531,2.2442,0.597,1,4,0.8837,18,12,0.5639,0.8027,0.6421,0.5232,1,1,2,0
0.4679,8.9386,0.5966,2,0,0.7825,21,7,0.8508,0.122,0.7709,0.1046,1,2,0,0
0.5226,7.025,0.6441,3,2,0.2363,27,4,0.1133,0.3235,0.9001,0.9145,1,2,0,1
0.4652,3.2515,0.4941,2,3,0.1714,33,18,0.7243,0.4237,0.145,0.6248,1,0,1,1
0.4707,9.5239,0.6371,4,6,0.4091,16,7,0.1924,0.9486,0.4487,0.3671,0,1,2,0
0.5809,9.1263,0.7459,3,5,0.9338,22,8,0.5568,0.2425,0.7391,0.8835,2,2,0,0
0.4945,4.3975,0.3644,3,9,0.526,41,14,0.9441,0.3217,0.3203,0.2497,1,0,0,0
0.1912,2.465,0.25,6,9,0.3798,12,16,0.1892,0.084,0.3701,0.1746,0,0,0,2
0.6348,4.6541,0.6599,3,1,0.6942,45,12,0.7012,0.7636,0.2056,0.7931,2,0,2,0
0.4898,8.3542,0.6151,0,8,0.5722,43,5,0.1003,0.7438,0.3631,0.7854,1,0,2,0
0.3003,9.1816,0.361,3,7,0.3732,11,1,0.3942,0.3243,0.0871,0.5359,1,0,0,2
0.3307,5.6915,0.2881,3,8,0.0808,29,1,0.5043,0.2499,0.3108,0.4049,1,0,0,1
0.3605,4.0856,0.2943,5,4,0.0681,31,15,0.1673,0.1714,0.5534,0.4891,0,1,0,1
0.5094,4.7006,0.5047,3,9,0.9383,30,0,0.8817,0.1306,0.6546,0.4312,1,1,0,1
0.3465,2.6799,0.37,6,10,0.0518,38,17,0.448,0.1812,0.0904,0.7864,1,0,0,1
0.5503,7.1491,0.6017,3,2,0.1936,1,4,0.8319,0.7881,0.0624,0.6744,2,0,2,2
0.4638,3.2884,0.5577,4,6,0.2698,33,1,0.4847,0.7069,0.1772,0.6789,1,0,2,2
0.2757,1.7003,0.4116,4,3,0.824,33,17,0.0978,0.6393,0.0575,0.3998,0,0,1,0
0.4855,6.3089,0.4817,0,3,0.88,9,10,0.3926,0.929,0.1396,0.3339,0,0,2,0
0.3527,11.7716,0.356,5,7,0.4762,31,5,0.5265,0.3502,0.4041,0.1913,0,1,0,1
0.6435,8.3978,0.6081,2,8,0.0834,8,18,0.8408,0.8514,0.7834,0.0765,1,2,2,1
0.3991,7.1935,0.5764,1,6,0.1964,45,7,0.6012,0.613,0.2547,0.2663,1,0,1,0
0.6547,3.0241,0.5861,4,3,0.8864,50,20,0.7701,0.8263,0.3281,0.6846,2,0,2,0
0.5249,5.8474,0.5687,3,9,0.3907,38,18,0.5516,0.9037,0.1565,0.3358,1,0,2,0
0.6587,4.3021,0.6442,1,2,0.5387,38,12,0.8547,0.8899,0.2964,0.7512,2,0,2,0
0.5478,10.4474,0.5987,1,2,0.4669,36,7,0.6686,0.3733,0.6693,0.4789,1,1,0,0
0.2847,2.1944,0.379,6,10,0.8807,49,15,0.079,0.7381,0.0635,0.2929,0,0,2,0
0.3823,4.7854,0.3023,5,6,0.5809,37,8,0.4909,0.3424,0.4618,0.2721,0,1,0,0
0.6546,6.9464,0.7662,4,5,0.3758,2,20,0.5227,0.8382,0.7582,0.5186,1,2,2,1
0.3745,5.9359,0.3608,0,6,0.5825,41,9,0.5145,0.6176,0.0944,0.3121,1,0,1,0
0.4943,2.9207,0.6276,2,2,0.3929,47,14,0.178,0.7969,0.4565,0.7004,1,1,2,1
0.4659,9.0429,0.5638,1,4,0.1174,45,16,0.5813,0.6914,0.2317,0.4592,1,0,1,0
0.5151,9.5667,0.6514,3,6,0.8666,19,8,0.3766,0.5214,0.3957,0.762,1,0,1,0
0.4717,8.0778,0.4571,1,2,0.1117,38,9,0.1851,0.8319,0.211,0.6908,1,0,2,0
0.5471,7.6831,0.4441,2,1,0.4519,44,5,0.6103,0.2778,0.4628,0.8199,2,1,0,1
0.5084,8.3594,0.609,5,7,0.0349,2,3,0.5901,0.2702,0.5426,0.6078,1,1,0,2
0.5155,8.7609,0.4684,4,2,0.5652,34,12,0.8042,0.3186,0.8783,0.0941,1,2,0,0
0.4932,5.9869,0.5054,2,1,0.5229,19,1,0.4598,0.5711,0.8883,0.1338,0,2,1,0
0.5243,8.1043,0.5577,3,7,0.9378,5,15,0.6752,0.297,0.5243,0.5222,1,1,0,0
0.6653,2.862,0.715,2,5,0.5345,50,7,0.8905,0.9377,0.3085,0.598,2,0,2,0
0.5458,2.7382,0.3982,4,10,0.8057,1,13,0.4933,0.2119,0.5985,0.6877,1,1,0,1
0.4389,4.7316,0.4381,2,0,0.4814,14,16,0.4226,0.3504,0.5544,0.6238,1,1,0,2
0.5356,8.561,0.5266,4,6,0.8704,17,7,0.6673,0.3572,0.702,0.6044,1,2,0,0
0.6045,10.2686,0.717,4,3,0.2844,21,15,0.4833,0.6145,0.8529,0.5333,1,2,1,0
0.5904,1.8273,0.5399,3,8,0.9344,48,6,0.5323,0.2374,0.6669,0.7696,1,1,0,1
0.6197,5.8456,0.6709,1,4,0.4722,16,1,0.5639,0.4006,0.5857,0.8281,1,1,1,1
0.4343,1.7618,0.5003,3,2,0.4585,46,9,0.9057,0.2445,0.3221,0.151,1,0,0,1
0.6793,8.6055,0.8329,3,4,0.1261,41,19,0.8813,0.7092,0.5213,0.748,2,1,2,0
0.5575,1.9845,0.5874,4,3,0.4945,4,9,0.6923,0.5201,0.0537,0.8891,2,0,1,2
0.4924,2.7353,0.4923,2,0,0.1419,16,9,0.5698,0.3309,0.8529,0.3388,1,2,0,1
0.413,4.0707,0.3665,4,4,0.0677,35,6,0.6107,0.5127,0.2359,0.3653,1,0,1,2
0.3976,7.7593,0.3504,5,7,0.5631,21,4,0.4493,0.1671,0.4737,0.6579,1,1,0,0
0.6204,6.3898,0.6367,4,8,0.1252,49,15,0.6047,0.3312,0.7857,0.6916,1,2,0,0
0.5682,7.9779,0.5296,2,6,0.8672,11,17,0.4714,0.46,0.666,0.6892,1,1,1,0
0.6307,3.2934,0.6965,3,1,0.7295,18,9,0.6487,0.7599,0.8442,0.458,1,2,2,0
0.5246,5.8411,0.6078,3,9,0.5898,27,8,0.1426,0.7858,0.7671,0.3433,0,2,2,0
0.5575,3.9796,0.5379,0,9,0.6295,39,11,0.3954,0.3566,0.7825,0.5819,1,2,0,0
0.5316,2.2309,0.6316,4,7,0.1033,9,19,0.5668,0.488,0.5829,0.4666,1,1,1,2
0.4471,1.5019,0.5372,1,6,0.1394,45,13,0.391,0.4949,0.6441,0.1315,0,1,1,1
0.4468,11.405,0.5077,6,3,0.413,46,6,0.401,0.5701,0.2261,0.6634,1,0,1,1
0.3476,2.0578,0.3584,5,4,0.6682,18,11,0.1304,0.0573,0.9378,0.4138,0,2,0,0
0.6389,7.2237,0.629,2,2,0.6294,19,8,0.8251,0.8291,0.2617,0.682,2,0,2,0
0.618,1.6649,0.6357,3,4,0.6853,7,1,0.3961,0.882,0.806,0.1888,0,2,2,2
0.5255,3.3879,0.6272,3,4,0.4839,30,9,0.9412,0.1262,0.628,0.4243,1,1,0,1
0.4725,7.2347,0.397,6,6,0.3486,25,8,0.3698,0.2172,0.5941,0.5701,1,1,0,0
0.462,9.6781,0.5806,0,9,0.4417,49,20,0.6844,0.1518,0.4834,0.6714,1,1,0,0
0.517,2.0541,0.6176,4,4,0.3264,40,6,0.1296,0.4752,0.7175,0.9144,1,2,1,2
0.5768,11.1901,0.6303,4,5,0.712,14,1,0.5114,0.4723,0.7104,0.4289,1,2,1,1
0.269,2.3664,0.3222,6,3,0.4803,31,6,0.1053,0.4758,0.2022,0.0965,0,0,1,2
0.3004,6.1899,0.2829,2,8,0.7674,30,3,0.1693,0.3029,0.8221,0.0628,0,2,0,0
0.5685,6.7075,0.5463,4,2,0.9439,47,3,0.4864,0.7694,0.8258,0.3586,1,2,2,0
0.4897,3.2598,0.5657,2,7,0.3788,38,2,0.4462,0.6238,0.2398,0.7109,1,0,1,2
0.5808,11.2358,0.5196,4,9,0.4264,44,0,0.7272,0.5293,0.3918,0.685,2,0,1,1
0.6084,5.0172,0.5707,1,6,0.2537,46,17,0.6646,0.0869,0.8759,0.6237,1,2,0,0
0.6546,3.3891,0.5945,3,7,0.5202,17,14,0.402,0.7458,0.7242,0.7109,1,2,2,0
0.1703,2.4654,0.1692,5,10,0.8916,10,0,0.0608,0.1379,0.1435,0.4513,0,0,0,2
0.6294,7.4437,0.5262,5,6,0.9188,33,18,0.9054,0.6243,0.6873,0.158,1,1,1,0
0.6087,9.5837,0.5355,1,1,0.3072,21,18,0.278,0.4703,0.8926,0.6249,1,2,1,0
0.4449,11.2502,0.3655,1,5,0.5798,22,10,0.7494,0.3945,0.3494,0.1041,1,0,0,0
0.4905,7.4991,0.5281,3,9,0.2381,5,1,0.1795,0.7418,0.2465,0.629,1,0,2,2
0.5636,6.9115,0.662,3,4,0.8929,45,11,0.184,0.6263,0.8896,0.6481,1,2,1,0
0.6642,7.4561,0.8524,2,5,0.8883,41,10,0.8096,0.7528,0.7568,0.5361,1,2,2,0
0.522,9.5483,0.6588,1,0,0.6154,4,9,0.4106,0.619,0.9129,0.1316,0,2,1,0
0.5507,9.2209,0.5275,1,7,0.1329,4,13,0.3957,0.2219,0.6763,0.8568,1,1,0,1
0.4101,11.9563,0.4628,0,8,0.0352,42,9,0.5837,0.4903,0.1067,0.5365,1,0,1,0
0.4138,7.5831,0.4875,0,1,0.8786,44,3,0.0885,0.1564,0.7764,0.6506,0,2,0,0
0.5401,4.727,0.4526,3,2,0.754,9,1,0.6384,0.4741,0.8762,0.0912,0,2,1,2
0.5327,10.021,0.4579,4,3,0.9331,40,9,0.5819,0.786,0.1457,0.4974,1,0,2,0
0.6476,2.7678,0.7093,2,6,0.1342,30,7,0.9283,0.5684,0.1736,0.8028,2,0,1,1
0.4506,1.6641,0.6025,0,2,0.4626,31,16,0.5481,0.4448,0.8831,0.0866,0,2,1,1
0.5406,8.2182,0.603,2,9,0.4969,35,4,0.1302,0.6366,0.8482,0.4246,0,2,1,1
0.3939,1.548,0.4056,1,6,0.2239,39,7,0.5995,0.0839,0.212,0.4999,1,0,0,1
0.4176,3.534,0.5382,4,10,0.7568,33,6,0.1361,0.3757,0.735,0.5358,0,2,0,1
0.3714,9.9541,0.3282,0,8,0.7205,22,7,0.477,0.2087,0.6531,0.0888,0,1,0,0
0.5452,4.9227,0.7073,4,3,0.1888,36,12,0.8824,0.2083,0.7569,0.4866,1,2,0,1
0.5237,6.5863,0.4806,1,9,0.846,11,9,0.7511,0.3435,0.1383,0.714,2,0,0,0
0.4454,8.7682,0.5761,1,9,0.0567,10,3,0.4595,0.3986,0.1728,0.6978,1,0,0,2
0.4788,3.2843,0.5658,5,1,0.9216,32,12,0.4627,0.2041,0.3592,0.8478,1,0,0,0
0.7437,4.0899,0.6798,3,7,0.3109,37,15,0.8213,0.4903,0.9461,0.5824,2,2,1,1
0.3949,1.853,0.2569,3,9,0.5046,24,15,0.5826,0.1841,0.5663,0.0546,0,1,0,0
0.4676,4.6058,0.5993,1,5,0.6153,47,3,0.7892,0.4572,0.2665,0.5526,1,0,1,1
0.5905,5.7563,0.6517,2,4,0.7504,39,17,0.3244,0.683,0.8221,0.7226,1,2,1,0
0.5863,11.434,0.5112,4,7,0.5153,21,5,0.6201,0.8243,0.1136,0.8541,2,0,2,0
0.4888,5.3387,0.513,2,2,0.5882,44,2,0.1229,0.8428,0.7122,0.0993,0,2,2,0
0.4446,11.3611,0.3561,6,2,0.5511,6,10,0.5529,0.1103,0.6884,0.2342,0,1,0,0
0.4259,6.6054,0.3771,1,8,0.5003,3,7,0.7205,0.2529,0.3674,0.2906,1,0,0,0
0.558,2.1891,0.6643,3,1,0.8473,40,19,0.6605,0.5296,0.313,0.6089,1,0,1,0
0.5344,6.9672,0.631,2,9,0.5959,25,17,0.8582,0.3095,0.911,0.1484,1,2,0,0
0.3939,3.9394,0.3523,4,4,0.9001,3,17,0.5373,0.1688,0.362,0.4495,1,0,0,1
0.4991,2.8855,0.5899,1,3,0.7499,22,6,0.3585,0.6314,0.3437,0.584,1,0,1,1
0.5465,8.974,0.5752,5,8,0.271,8,18,0.4858,0.9237,0.7428,0.0926,0,2,2,1
0.398,3.4372,0.423,0,3,0.5344,6,5,0.6736,0.6497,0.1881,0.2641,1,0,1,2
0.3495,3.0265,0.4994,2,0,0.4351,20,10,0.3595,0.3856,0.5359,0.1963,0,1,0,1
0.6663,7.5241,0.6414,3,8,0.1397,47,20,0.7146,0.928,0.3482,0.6849,1,0,2,0
0.6356,10.3292,0.7094,0,0,0.4237,15,8,0.4479,0.6702,0.7085,0.8602,1,2,1,1
0.5639,8.5514,0.4917,3,2,0.083,27,9,0.6272,0.5751,0.2499,0.8921,2,0,1,0
0.6604,5.4147,0.6113,2,8,0.2704,43,7,0.336,0.5946,0.8991,0.8676,1,2,1,0
0.5794,11.6888,0.6311,5,1,0.4026,14,16,0.8369,0.1288,0.7051,0.4498,1,2,0,1
0.3918,9.4392,0.5017,3,10,0.084,3,19,0.5785,0.1275,0.237,0.4772,1,0,0,1
0.5617,1.9434,0.5446,4,3,0.7849,19,11,0.4231,0.5502,0.6892,0.7297,1,1,1,0
0.263,8.365,0.4257,3,6,0.8481,42,9,0.5534,0.4671,0.0742,0.0522,0,0,1,0
0.3985,7.4385,0.2658,4,5,0.8249,37,12,0.6691,0.2703,0.1574,0.2995,1,0,0,0
0.5124,10.7223,0.4186,1,3,0.1287,3,6,0.6748,0.1576,0.5113,0.5677,1,1,0,2
0.4979,3.4241,0.629,4,5,0.0898,26,15,0.4276,0.8709,0.3704,0.3109,0,0,2,1
0.6727,10.1448,0.7263,3,3,0.0123,5,12,0.8352,0.7941,0.6665,0.321,1,1,2,1
0.4291,7.941,0.4189,3,5,0.7898,9,18,0.4864,0.3563,0.8697,0.1422,0,2,0,0
0.4311,4.7715,0.5781,5,9,0.3444,46,10,0.546,0.7307,0.1526,0.4644,1,0,2,1
0.5458,2.9948,0.6966,1,1,0.2152,11,17,0.5879,0.7372,0.3578,0.6889,1,0,2,2
0.4445,9.8271,0.5063,0,1,0.4878,2,2,0.1207,0.6717,0.7556,0.12,0,2,1,2
0.47,3.4402,0.5718,1,9,0.334,10,18,0.2777,0.1096,0.6508,0.7291,1,1,0,2
0.5899,2.5406,0.6719,0,2,0.5492,12,11,0.8977,0.9039,0.3631,0.1945,1,0,2,1
0.5276,8.9314,0.4049,3,4,0.3481,11,10,0.2224,0.3037,0.8615,0.5334,0,2,0,1
0.4429,2.798,0.4283,1,8,0.1048,6,20,0.912,0.2128,0.3693,0.3917,1,0,0,2
0.3784,11.7499,0.3878,3,3,0.4218,30,6,0.6843,0.5514,0.0865,0.3453,1,0,1,1
0.4874,6.6623,0.5596,2,7,0.0999,9,20,0.8198,0.2199,0.1126,0.807,2,0,0,1
0.2846,11.7397,0.4557,4,11,0.3217,49,1,0.1265,0.179,0.4106,0.5815,0,1,0,1
0.5134,8.2602,0.5375,3,6,0.3802,14,16,0.1605,0.8043,0.7027,0.3007,0,2,2,1
0.4464,2.9134,0.4482,0,1,0.0946,25,13,0.414,0.4861,0.301,0.7412,1,0,1,1
0.6255,9.3919,0.7157,4,2,0.7292,5,2,0.6603,0.9249,0.3944,0.6613,1,0,2,1
0.4814,6.0193,0.4821,2,3,0.8692,48,1,0.6459,0.4912,0.2855,0.3593,1,0,1,0
0.4068,2.9121,0.3465,3,1,0.6799,35,10,0.3887,0.4637,0.0796,0.551,1,0,1,0
0.6309,6.6943,0.7469,3,3,0.9223,25,8,0.6575,0.6441,0.6668,0.565,1,1,1,0
0.3923,10.8591,0.3458,1,4,0.3242,37,1,0.93,0.3384,0.0753,0.0906,1,0,0,1
0.4287,4.7016,0.4621,0,3,0.3207,46,1,0.3716,0.3661,0.6451,0.2729,0,1,0,2
0.6552,5.4662,0.7526,3,7,0.3708,29,20,0.4648,0.827,0.5612,0.8613,1,1,2,0
0.4396,6.0779,0.398,5,8,0.4721,31,7,0.1401,0.6576,0.3524,0.5025,0,0,1,0
0.4846,2.4656,0.4355,1,3,0.802,11,15,0.8063,0.5323,0.3086,0.0928,1,0,1,1
0.4291,6.0456,0.4624,1,4,0.513,15,16,0.1105,0.7711,0.4777,0.2388,0,1,2,0
0.4569,3.736,0.5808,4,5,0.914,43,12,0.6125,0.4579,0.7371,0.2125,1,2,1,0
0.6854,5.3249,0.7335,1,6,0.1404,31,10,0.8934,0.5294,0.603,0.7422,2,1,1,0
0.4304,8.2834,0.4249,3,4,0.2436,21,16,0.3202,0.4418,0.3368,0.7972,1,0,1,0
0.3565,1.8885,0.4001,1,3,0.1514,22,13,0.1522,0.2227,0.271,0.7945,1,0,0,1
0.6568,2.3813,0.6319,4,8,0.5715,1,17,0.7732,0.6428,0.2084,0.8173,2,0,1,1
0.4359,9.212,0.4727,3,9,0.8863,7,2,0.4163,0.3771,0.6417,0.1313,0,1,0,1
0.7028,7.6354,0.6595,3,2,0.3705,40,7,0.9047,0.8884,0.2766,0.8461,2,0,2,0
0.4292,5.4344,0.3988,2,4,0.9013,29,10,0.4306,0.1799,0.2076,0.9229,1,0,0,0
0.8154,11.6515,0.908,3,5,0.5755,41,0,0.6645,0.917,0.8415,0.8933,2,2,2,0
0.6538,10.0286,0.6258,4,7,0.116,48,7,0.8968,0.6716,0.7599,0.2657,1,2,1,0
0.6261,3.7091,0.5731,4,5,0.8457,41,5,0.3996,0.8688,0.4037,0.9302,1,1,2,1
0.5561,5.8361,0.6252,4,8,0.7991,47,9,0.8415,0.7401,0.4157,0.0805,1,1,2,0
0.6763,6.2592,0.7417,0,5,0.026,41,15,0.7882,0.792,0.6786,0.5057,1,1,2,0
0.5034,6.9218,0.469,5,8,0.9212,4,3,0.6171,0.7619,0.1725,0.4106,1,0,2,1
0.6429,10.1811,0.7289,1,4,0.7596,13,14,0.8123,0.6672,0.7634,0.3375,1,2,1,0
0.6721,8.0796,0.8367,5,2,0.8615,46,13,0.2137,0.8388,0.9003,0.8459,1,2,2,0
0.4085,2.7322,0.3547,3,10,0.6827,18,19,0.6811,0.2019,0.4109,0.436,1,1,0,0
0.4599,6.6888,0.6063,5,6,0.1237,39,6,0.4583,0.6562,0.1567,0.6922,1,0,1,1
0.575,7.9856,0.5206,2,6,0.862,15,5,0.9457,0.3047,0.6595,0.4265,1,1,0,1
0.2774,9.2291,0.3298,1,1,0.2434,36,14,0.4623,0.0593,0.1699,0.3409,1,0,0,0
0.6503,1.9779,0.7482,3,3,0.241,30,15,0.3496,0.2614,0.8674,0.9471,1,2,0,1
0.574,10.7179,0.531,2,5,0.1253,25,19,0.4052,0.3838,0.9213,0.5536,1,2,0,0
0.1841,4.4707,0.2556,4,10,0.8331,37,19,0.1776,0.1552,0.0897,0.1651,0,0,0,0
0.5011,8.4029,0.5425,0,2,0.7583,8,17,0.2874,0.3317,0.8534,0.334,0,2,0,0
0.3208,5.2435,0.476,3,6,0.6736,46,1,0.2569,0.0823,0.2842,0.6854,1,0,0,0
0.5211,4.3643,0.4294,3,6,0.8463,8,10,0.8113,0.8302,0.1613,0.1342,1,0,2,1
0.5668,1.7726,0.7012,3,4,0.6472,34,18,0.9245,0.5234,0.5637,0.4248,1,1,1,0
0.5779,11.5296,0.7274,0,9,0.5645,33,9,0.5813,0.9061,0.8033,0.1884,0,2,2,0
0.6727,2.0112,0.7887,2,0,0.6115,28,4,0.6406,0.9058,0.3424,0.7084,1,0,2,1
0.4235,10.4496,0.5969,5,3,0.1548,43,2,0.1137,0.9067,0.3933,0.409,0,0,2,1
0.4973,2.8785,0.6057,5,5,0.6322,16,14,0.7273,0.6387,0.1585,0.4918,1,0,1,0
0.5856,6.0581,0.6824,0,3,0.4047,41,12,0.4907,0.8469,0.4788,0.5568,1,1,2,0
0.3936,6.0922,0.4514,3,2,0.8618,26,6,0.4672,0.2518,0.6676,0.1896,0,1,0,0
0.5685,2.6301,0.5009,0,6,0.4037,4,1,0.165,0.8626,0.8074,0.5208,0,2,2,2
0.311,3.4132,0.2391,1,10,0.3733,33,4,0.5616,0.278,0.2794,0.1236,0,0,0,2
0.5147,3.4655,0.4685,4,6,0.1758,48,17,0.3179,0.5785,0.4595,0.6532,1,1,1,1
0.3533,10.6222,0.3345,4,5,0.9175,24,14,0.8345,0.1457,0.5309,0.0553,1,1,0,0
0.6601,1.6457,0.6398,0,8,0.1063,15,3,0.6066,0.9265,0.3747,0.6564,1,0,2,2
0.5761,4.6596,0.639,2,0,0.4403,40,4,0.8231,0.2383,0.6338,0.6348,2,1,0,2
0.4938,7.479,0.6116,0,0,0.7921,29,4,0.1995,0.1872,0.6823,0.9175,1,1,0,0
0.7873,6.6187,0.8126,3,5,0.4618,28,6,0.6174,0.6918,0.9315,0.8138,2,2,1,1
0.6598,10.8752,0.6625,2,4,0.3963,16,1,0.6608,0.785,0.4891,0.6929,1,1,2,1
0.4797,3.8069,0.449,2,6,0.8636,17,5,0.8951,0.3621,0.6778,0.0687,1,1,0,1
0.504,9.2131,0.6229,5,8,0.7562,42,13,0.8082,0.6413,0.168,0.3141,1,0,1,0
0.5351,5.8678,0.522,2,2,0.9441,30,2,0.6097,0.3042,0.7243,0.6504,1,2,0,0
0.309,2.1685,0.4502,4,1,0.4091,45,1,0.0923,0.0663,0.8428,0.3713,0,2,0,2
0.2696,8.7464,0.4344,4,8,0.4896,13,3,0.2517,0.282,0.3563,0.3697,0,0,0,2
0.6103,11.4475,0.5757,0,1,0.7824,31,16,0.884,0.444,0.4614,0.8074,2,1,1,0
0.6072,2.5426,0.6384,2,1,0.6147,25,15,0.6169,0.8338,0.8699,0.1913,1,2,2,0
0.5808,2.395,0.7086,4,3,0.3538,17,10,0.8137,0.4452,0.4242,0.7421,2,1,1,1
0.471,6.3169,0.5986,4,4,0.8098,21,8,0.6485,0.1865,0.7282,0.4295,1,2,0,0
0.3175,3.2254,0.1943,5,8,0.0584,16,20,0.0768,0.181,0.059,0.7756,1,0,0,1
0.5738,5.721,0.6176,3,3,0.6468,26,6,0.6273,0.8623,0.102,0.6184,1,0,2,0
0.4892,3.6539,0.6165,4,6,0.5172,35,9,0.7184,0.8683,0.0571,0.3018,1,0,2,0
0.6433,9.1135,0.6489,1,8,0.703,2,7,0.6777,0.8489,0.7534,0.4141,1,2,2,0
0.4019,7.7213,0.3162,5,8,0.2293,1,16,0.3055,0.1335,0.5466,0.5192,1,1,0,1
0.407,2.8099,0.383,5,5,0.2831,2,13,0.9383,0.1494,0.104,0.3857,1,0,0,2
0.8416,5.1785,0.8591,3,5,0.2703,27,12,0.9347,0.7748,0.9401,0.559,2,2,2,0
0.5175,2.5289,0.5803,5,1,0.6761,41,7,0.6552,0.6929,0.5177,0.2729,1,1,1,0
0.4584,5.6452,0.503,3,4,0.2505,29,10,0.106,0.8497,0.4786,0.4515,0,1,2,0
0.72,2.8585,0.6237,4,1,0.6693,6,14,0.4461,0.8879,0.4906,0.9259,1,1,2,1
0.5717,2.7691,0.7227,0,1,0.5432,30,8,0.2414,0.476,0.7218,0.8997,1,2,1,0
0.5632,10.8897,0.4696,1,8,0.8446,29,1,0.3843,0.9419,0.3229,0.4873,1,0,2,0
0.4536,9.7042,0.5051,4,6,0.4515,28,18,0.4899,0.1601,0.3638,0.8334,1,0,0,0
0.5349,8.4773,0.6565,1,4,0.3891,16,16,0.7358,0.5043,0.4648,0.4549,1,1,1,0
0.7677,9.8597,0.8696,2,1,0.672,35,11,0.5369,0.9123,0.851,0.7123,1,2,2,0
0.4434,10.9171,0.5307,5,2,0.1143,9,10,0.5534,0.2232,0.6068,0.5692,1,1,0,1
0.484,5.7189,0.4563,5,0,0.0427,40,12,0.0671,0.7581,0.2708,0.6851,0,0,2,0
0.4822,3.0124,0.4352,0,3,0.2428,5,3,0.4433,0.4234,0.8237,0.3356,0,2,1,2
0.3439,5.8346,0.3058,2,9,0.308,19,6,0.4165,0.2023,0.603,0.3428,0,1,0,1
0.4232,2.1366,0.512,2,5,0.4416,19,2,0.1589,0.2323,0.7269,0.5774,0,2,0,2
0.5005,9.7447,0.523,2,1,0.2894,12,11,0.4167,0.2604,0.8475,0.2922,0,2,0,1
0.5891,11.0707,0.6361,0,4,0.4292,27,8,0.6222,0.2331,0.9211,0.386,1,2,0,0
0.5639,5.4916,0.5411,3,6,0.3338,30,17,0.7964,0.3103,0.9249,0.0505,1,2,0,0
0.4481,7.343,0.4669,2,6,0.2655,6,3,0.5093,0.0909,0.7153,0.5568,1,2,0,2
0.5438,11.8217,0.6558,2,6,0.3245,23,5,0.9117,0.3365,0.6639,0.3584,1,1,0,1
0.3528,10.9003,0.4805,5,6,0.6681,34,8,0.0643,0.6727,0.6318,0.0518,0,1,1,0
0.4308,10.0342,0.4655,2,2,0.7861,34,7,0.7586,0.6342,0.1198,0.0779,1,0,1,0
0.5292,4.4519,0.4968,2,1,0.8753,11,0,0.7412,0.6773,0.0576,0.4664,1,0,1,2
0.4698,8.9232,0.4612,1,8,0.1986,14,18,0.6021,0.3229,0.696,0.2608,1,1,0,1
0.5792,7.434,0.639,1,1,0.0621,28,14,0.4065,0.8329,0.5622,0.4946,1,1,2,0
0.4339,8.7764,0.3536,2,6,0.5063,34,20,0.2837,0.5629,0.2552,0.5208,1,0,1,0
0.6748,4.3774,0.8543,2,3,0.6462,22,20,0.4585,0.8941,0.6269,0.8988,1,1,2,0
0.5247,2.359,0.5449,0,7,0.5432,0,4,0.7331,0.8454,0.2521,0.3001,1,0,2,2
0.4049,6.5396,0.4161,3,6,0.7677,31,2,0.9303,0.4314,0.117,0.275,1,0,1,0
0.2436,11.4072,0.1731,4,9,0.737,17,16,0.3509,0.2754,0.1471,0.2645,0,0,0,0
0.3072,2.8391,0.3322,3,3,0.8732,42,1,0.6128,0.571,0.127,0.1046,0,0,1,1
0.4635,3.9477,0.4793,4,0,0.5696,5,15,0.6136,0.1092,0.6598,0.5533,1,1,0,1
0.6365,4.946,0.787,0,5,0.1829,39,9,0.3955,0.7656,0.8419,0.6073,1,2,2,1
0.4291,6.1686,0.3794,5,1,0.231,21,14,0.1108,0.7605,0.2243,0.5659,0,0,2,0
0.585,4.7411,0.7252,2,0,0.3258,39,3,0.3305,0.4423,0.9138,0.7289,1,2,1,2
0.4951,3.6039,0.5763,5,3,0.8631,21,4,0.5778,0.6605,0.1016,0.5064,1,0,1,1
0.6956,5.8963,0.7571,2,6,0.1542,48,12,0.6511,0.6753,0.9337,0.5898,1,2,1,0
0.1329,11.5022,0.2159,5,3,0.3149,12,15,0.088,0.2475,0.0533,0.2507,0,0,0,1
0.3654,7.6497,0.3412,0,0,0.7273,15,4,0.2158,0.9409,0.3765,0.1164,0,0,2,1
0.4786,10.3503,0.5333,0,7,0.8651,9,0,0.228,0.2067,0.8468,0.697,1,2,0,1
0.5285,11.3822,0.5081,5,8,0.9282,40,13,0.391,0.7587,0.1499,0.8925,1,0,2,0
0.5322,7.7953,0.4507,1,0,0.9281,19,7,0.8405,0.1088,0.18,0.8817,2,0,0,0
0.512,10.4408,0.4426,5,2,0.92,40,17,0.6044,0.2202,0.5319,0.7606,1,1,0,0
0.339,6.7352,0.426,2,4,0.4411,32,10,0.1233,0.4736,0.6472,0.1084,0,1,1,0
0.5291,3.805,0.6693,5,4,0.1929,29,1,0.6751,0.6941,0.4953,0.2915,1,1,1,2
0.6452,6.1673,0.6955,3,4,0.334,7,2,0.3254,0.8498,0.5642,0.8919,1,1,2,2
0.5133,3.9548,0.4621,2,1,0.6131,19,4,0.609,0.4335,0.4708,0.4181,1,1,1,1
0.7193,3.6032,0.6012,2,3,0.1868,4,1,0.8083,0.5115,0.6293,0.7573,2,1,1,2
0.6576,11.08,0.7574,2,7,0.0081,38,15,0.784,0.6652,0.297,0.6851,2,0,1,0
0.5544,3.0675,0.5569,1,7,0.3776,26,15,0.7548,0.4134,0.4152,0.572,1,1,1,1
0.6424,3.4724,0.6355,4,2,0.7316,40,6,0.477,0.5142,0.7574,0.7319,1,2,1,1
0.454,10.2601,0.627,2,7,0.3228,0,16,0.455,0.5526,0.3872,0.5698,1,0,1,1
0.4626,11.5027,0.6066,3,6,0.3137,46,3,0.413,0.7508,0.5338,0.3435,0,1,2,1
0.6374,7.4799,0.682,4,1,0.429,9,2,0.5971,0.8303,0.9322,0.2338,1,2,2,2
0.359,4.4801,0.3068,4,1,0.2214,3,19,0.1439,0.5476,0.0789,0.6701,1,0,1,2
0.4028,6.5216,0.3509,6,9,0.0653,6,11,0.1017,0.5167,0.2046,0.8237,1,0,1,1
0.3799,6.776,0.4334,2,0,0.6506,47,12,0.1669,0.2351,0.439,0.6887,1,1,0,0
0.3706,7.5494,0.4956,2,10,0.7004,44,9,0.1784,0.1076,0.4093,0.7768,1,1,0,0
0.5486,10.9496,0.6398,2,9,0.6966,9,5,0.4607,0.6803,0.6905,0.3177,0,1,1,1
0.4945,4.5648,0.6382,4,7,0.8705,14,13,0.2151,0.5618,0.4042,0.9011,1,1,1,1
0.6071,4.9231,0.4767,1,5,0.4284,5,15,0.2455,0.4941,0.9432,0.5475,0,2,1,2
0.4835,1.6127,0.5819,5,3,0.1089,43,8,0.466,0.1159,0.675,0.7248,1,1,0,1
0.4405,10.3364,0.6038,0,1,0.1621,7,16,0.7238,0.4863,0.1114,0.5436,1,0,1,1
0.3682,3.7751,0.4112,4,2,0.0327,8,7,0.3147,0.5312,0.4018,0.1198,0,1,1,2
0.7435,2.0504,0.8461,4,6,0.0044,20,6,0.6771,0.8029,0.7804,0.6269,1,2,2,2
0.4097,8.524,0.5648,5,8,0.2095,17,4,0.8859,0.3872,0.2647,0.1322,1,0,0,1
0.3665,3.6748,0.3875,6,1,0.5146,28,4,0.7974,0.2011,0.2003,0.4241,1,0,0,1
0.2895,10.0584,0.3052,2,1,0.6174,23,1,0.2424,0.3709,0.2063,0.4119,0,0,0,0
0.4832,3.3003,0.557,3,9,0.9111,50,17,0.2467,0.3214,0.589,0.9348,1,1,0,0
0.7173,10.4413,0.7929,2,5,0.458,44,6,0.6767,0.6601,0.9251,0.6743,1,2,1,1
0.4728,10.9162,0.6112,4,8,0.2934,12,12,0.5765,0.3941,0.6265,0.2592,1,1,0,1
0.3191,7.7798,0.305,5,4,0.8986,2,18,0.6078,0.1039,0.3871,0.317,1,0,0,0
0.5934,10.3928,0.6077,1,5,0.3147,14,0,0.3003,0.6292,0.7344,0.5188,1,2,1,2
0.6361,6.1448,0.6662,4,1,0.0057,19,6,0.866,0.6485,0.2735,0.6686,2,0,1,1
0.273,3.9813,0.362,5,4,0.0743,42,19,0.2232,0.6209,0.1774,0.2338,0,0,1,1
0.3417,9.7035,0.3753,6,4,0.076,32,5,0.6995,0.2704,0.2088,0.2741,1,0,0,1
0.4921,5.5049,0.571,4,9,0.8113,40,0,0.201,0.4472,0.5048,0.7114,1,1,1,0
0.4361,2.2554,0.4531,3,2,0.1298,19,12,0.5857,0.1875,0.704,0.2816,1,2,0,1
0.3706,5.418,0.5028,4,6,0.4651,47,19,0.2207,0.0616,0.5006,0.7028,1,1,0,0
0.4512,11.0874,0.3932,3,5,0.6861,22,5,0.4179,0.0849,0.8794,0.3963,1,2,0,0
0.7401,8.125,0.6771,3,5,0.6426,2,16,0.6696,0.6768,0.6358,0.8839,2,1,1,0
0.432,9.5952,0.5597,5,4,0.6122,42,0,0.2852,0.4599,0.663,0.2789,0,1,1,0
0.536,11.6607,0.6512,2,3,0.6256,13,6,0.5775,0.8609,0.5167,0.2199,0,1,2,1
0.5371,9.3617,0.6177,2,3,0.8835,17,3,0.4204,0.8388,0.7049,0.13,0,2,2,0
0.4915,3.2917,0.5031,4,2,0.3559,33,15,0.9383,0.7848,0.0514,0.1129,1,0,2,1
0.5575,4.2232,0.5037,2,6,0.8572,9,15,0.2138,0.9036,0.4556,0.7829,1,1,2,1
0.477,6.5179,0.4584,1,1,0.6392,17,12,0.612,0.8315,0.1995,0.3138,1,0,2,0
0.5337,11.8624,0.6046,5,4,0.7233,0,12,0.7266,0.0565,0.5742,0.9389,2,1,0,0
0.5561,5.4736,0.6104,2,3,0.0544,47,13,0.3533,0.4365,0.3837,0.8511,1,0,1,0
0.5344,4.4344,0.4304,5,4,0.6643,30,17,0.1402,0.4612,0.6785,0.7027,1,1,1,0
0.506,1.6746,0.6838,0,8,0.3422,48,16,0.6065,0.643,0.4777,0.4218,1,1,1,1
0.461,11.2739,0.3701,5,9,0.9375,21,19,0.343,0.4499,0.5961,0.4101,0,1,1,0
0.3594,2.8425,0.4004,2,7,0.757,43,10,0.7108,0.3145,0.2256,0.1788,1,0,0,0
0.4701,9.4092,0.5742,0,4,0.6268,12,4,0.5439,0.8373,0.2012,0.4517,1,0,2,1
0.6859,10.9239,0.6143,1,5,0.1169,13,10,0.6942,0.1942,0.8861,0.8624,2,2,0,1
0.6286,5.4586,0.677,4,3,0.6816,30,13,0.7029,0.1314,0.6726,0.8347,2,1,0,0
0.6678,9.2761,0.6243,3,1,0.8904,4,2,0.6279,0.5557,0.8205,0.7776,2,2,1,1
0.6194,11.7884,0.5847,2,6,0.3037,27,17,0.381,0.818,0.9087,0.5692,1,2,2,0
0.5211,11.4003,0.5661,3,4,0.7954,23,3,0.7669,0.5178,0.5915,0.2499,1,1,1,0
0.5684,2.7964,0.5979,4,4,0.947,15,20,0.5913,0.1813,0.6488,0.7712,1,1,0,1
0.6391,9.1929,0.5743,4,0,0.7699,41,4,0.7958,0.4955,0.6837,0.389,1,1,1,0
0.5313,7.2534,0.5477,4,10,0.3205,42,20,0.8289,0.2111,0.4888,0.4026,1,1,0,0
0.5106,2.8745,0.4397,3,8,0.7147,43,8,0.7319,0.402,0.5251,0.3047,1,1,1,0
0.5044,3.7904,0.6146,4,0,0.711,15,3,0.8148,0.6886,0.4618,0.1973,1,1,1,2
0.6827,11.2228,0.8555,4,1,0.0912,21,17,0.7034,0.5681,0.6605,0.9396,2,1,1,0
0.6091,4.029,0.6189,4,9,0.4642,20,1,0.0972,0.9322,0.6351,0.5841,0,1,2,2
0.6318,4.3898,0.7104,2,1,0.6205,43,13,0.6375,0.3878,0.6726,0.7658,2,1,0,0
0.3962,9.3263,0.4871,1,5,0.7546,29,5,0.1244,0.4903,0.6519,0.5088,0,1,1,0
0.3999,10.0351,0.5708,3,6,0.0188,40,4,0.6301,0.4403,0.5643,0.1395,0,1,1,1
0.6123,11.6397,0.6885,1,5,0.8527,6,15,0.781,0.4897,0.517,0.5762,1,1,1,0
0.386,10.4402,0.3746,6,5,0.0333,8,11,0.2119,0.5492,0.7705,0.1607,0,2,1,1
0.5122,9.7194,0.5373,2,5,0.6262,47,10,0.3772,0.54,0.4307,0.9007,1,1,1,0
0.6289,3.9896,0.5775,1,7,0.1787,5,16,0.6756,0.5204,0.9374,0.3669,1,2,1,2
0.4931,5.5087,0.5859,2,1,0.8585,4,5,0.9117,0.5919,0.2444,0.3732,1,0,1,1
0.4368,3.5226,0.5629,4,8,0.3535,50,14,0.2788,0.4328,0.6751,0.5323,1,1,1,1
0.5317,2.8085,0.4449,3,1,0.1045,30,2,0.5945,0.4277,0.1881,0.9432,2,0,1,2
0.4491,11.6721,0.3686,1,10,0.3597,0,8,0.6262,0.3765,0.3502,0.2959,1,0,0,1
0.5062,7.2912,0.5394,5,2,0.5771,35,17,0.2082,0.7055,0.3259,0.7892,1,0,2,0
0.6419,6.507,0.628,0,5,0.1212,30,17,0.9019,0.4006,0.3607,0.7172,2,0,1,0
0.3194,4.1157,0.4455,4,2,0.5783,49,14,0.1899,0.1637,0.3909,0.7119,1,0,0,0
0.6194,4.7045,0.762,5,4,0.815,44,16,0.9376,0.7686,0.502,0.2982,1,1,2,0
0.3673,7.3187,0.2641,6,11,0.4682,3,15,0.3315,0.1311,0.1215,0.707,1,0,0,1
0.5337,5.7575,0.6817,5,7,0.5855,44,14,0.4316,0.5078,0.7077,0.4817,1,2,1,0
0.6163,7.0452,0.7301,3,9,0.5787,41,18,0.6927,0.6823,0.7247,0.2698,1,2,1,0
0.5262,5.9386,0.6785,2,1,0.3601,26,19,0.6571,0.8437,0.5212,0.2526,1,1,2,0
0.5674,9.2493,0.5804,1,3,0.5404,15,4,0.8726,0.2748,0.5352,0.7398,2,1,0,1
0.5947,7.9631,0.6528,2,0,0.3121,24,7,0.8898,0.6287,0.7932,0.0819,1,2,1,0
0.394,2.8003,0.3159,1,7,0.463,26,3,0.8512,0.2175,0.3691,0.1412,1,0,0,2
0.3218,10.3133,0.4564,2,5,0.1537,5,9,0.2535,0.4058,0.3194,0.4355,0,0,1,1
0.368,3.1833,0.4126,3,7,0.189,37,18,0.3733,0.8335,0.2286,0.2206,0,0,2,1
0.5297,6.7695,0.4895,5,4,0.8774,38,18,0.2892,0.429,0.5451,0.7698,1,1,1,0
0.1387,5.0925,0.2306,5,6,0.9276,12,14,0.1488,0.1471,0.069,0.19,0,0,0,0
0.4166,10.5738,0.4792,1,8,0.9445,12,15,0.3105,0.4873,0.7348,0.273,0,2,1,0
0.5938,8.162,0.5389,1,0,0.2179,50,12,0.2286,0.6858,0.779,0.681,1,2,1,0
0.6756,8.1498,0.6293,2,4,0.2199,20,6,0.9414,0.8862,0.4337,0.6048,2,1,2,1
0.4167,1.9993,0.4264,0,8,0.0388,21,6,0.5089,0.6295,0.3239,0.2923,1,0,1,2
0.3995,2.5173,0.5681,3,9,0.013,18,6,0.2408,0.4749,0.8676,0.1407,0,2,1,2
0.5507,5.5325,0.5407,1,7,0.8428,33,4,0.3481,0.7172,0.3752,0.7509,1,0,2,0
0.5306,7.2391,0.6377,4,9,0.3258,46,1,0.1583,0.5779,0.871,0.6389,0,2,1,1
0.3156,11.0216,0.2737,6,5,0.9264,44,17,0.2318,0.6987,0.0894,0.2225,0,0,1,0
0.569,8.8154,0.5518,0,5,0.1225,1,12,0.6956,0.8698,0.1109,0.4271,1,0,2,1
0.6594,9.3826,0.7585,4,3,0.3649,49,3,0.765,0.6744,0.7166,0.4077,1,2,1,1
0.2572,8.9314,0.3573,2,3,0.4988,40,9,0.2943,0.2157,0.194,0.246,0,0,0,0
0.3562,11.2361,0.2921,5,7,0.2569,7,18,0.6874,0.5469,0.204,0.0911,0,0,1,1
0.3966,8.9073,0.4632,4,4,0.5218,18,2,0.2741,0.7911,0.5311,0.0513,0,1,2,0
0.4895,11.7018,0.4119,6,8,0.5105,48,4,0.6003,0.3422,0.1015,0.7843,1,0,0,0
0.5187,10.0769,0.6208,2,6,0.2096,32,11,0.7525,0.1458,0.7212,0.3938,1,2,0,0
0.511,3.4059,0.4805,5,2,0.1758,45,2,0.777,0.7276,0.1901,0.2586,1,0,2,2
0.4412,2.2293,0.4194,1,9,0.0684,20,12,0.4915,0.7065,0.6328,0.0689,0,1,2,1
0.6037,10.1789,0.6237,3,0,0.7253,19,0,0.9233,0.1402,0.5241,0.7041,2,1,0,0
0.2493,9.2294,0.4395,5,2,0.3215,48,2,0.2735,0.1252,0.1784,0.6146,1,0,0,1
0.4046,8.0886,0.3601,5,1,0.1169,3,14,0.4824,0.5566,0.4499,0.1968,0,1,1,1
0.4932,8.3813,0.358,5,4,0.2146,21,3,0.3171,0.5104,0.8028,0.1777,0,2,1,1
0.4585,7.9648,0.423,5,9,0.1124,48,7,0.8458,0.7905,0.1512,0.2026,1,0,2,0
0.5569,4.6664,0.6168,2,1,0.7767,8,13,0.856,0.5941,0.2103,0.5274,1,0,1,1
0.8185,3.0608,0.7164,1,3,0.6231,0,19,0.8746,0.6456,0.8896,0.7796,2,2,1,1
0.5196,11.9451,0.6517,2,3,0.1728,14,2,0.6992,0.757,0.4806,0.1106,1,1,2,2
0.5564,5.8959,0.6736,3,5,0.4722,33,5,0.4314,0.6741,0.4225,0.7642,1,1,1,1
0.5548,3.9695,0.6204,5,0,0.0027,37,14,0.7893,0.3962,0.5729,0.4297,1,1,0,1
0.5966,4.5943,0.7239,4,9,0.1369,43,16,0.5525,0.9119,0.8788,0.1036,0,2,2,1
0.4726,1.7766,0.6493,2,7,0.9167,35,8,0.8717,0.2682,0.795,0.1003,1,2,0,0
0.553,7.4764,0.5913,1,2,0.773,4,2,0.6465,0.1164,0.8037,0.8334,2,2,0,1
0.6014,4.5111,0.5945,4,0,0.1481,39,14,0.7192,0.7233,0.6787,0.3196,1,1,2,1
0.54,11.1511,0.641,4,4,0.4768,28,17,0.726,0.503,0.0598,0.7994,2,0,1,0
0.6041,3.4288,0.5946,3,7,0.7087,31,4,0.1911,0.9258,0.5194,0.9301,1,1,2,1
0.5868,3.5447,0.4952,0,6,0.103,40,13,0.7849,0.4716,0.3319,0.6277,2,0,1,1
0.3887,7.2928,0.4814,0,3,0.6065,38,6,0.8119,0.0752,0.304,0.5374,1,0,0,0
0.656,5.2448,0.6801,2,2,0.2683,47,0,0.929,0.5583,0.5574,0.7612,2,1,1,1
0.7194,9.9787,0.7615,3,3,0.1427,37,2,0.7267,0.7031,0.9265,0.6824,2,2,2,1
0.4693,10.7862,0.5943,4,8,0.7671,5,14,0.5777,0.8168,0.3111,0.1864,0,0,2,0
0.5983,5.0597,0.7157,4,4,0.3423,17,16,0.1949,0.9173,0.5147,0.7058,1,1,2,0
0.5698,6.724,0.4775,1,8,0.7645,8,13,0.8516,0.7468,0.3989,0.2379,1,0,2,0
0.546,4.4412,0.565,0,2,0.3452,47,3,0.5424,0.9221,0.7533,0.1285,0,2,2,2
0.4834,7.4717,0.5083,5,4,0.0376,7,2,0.7447,0.2821,0.4759,0.2804,1,1,0,2
0.5952,6.8124,0.6987,5,6,0.2497,19,14,0.8213,0.8754,0.1661,0.3801,1,0,2,0
0.5884,3.1612,0.4583,0,4,0.3793,43,6,0.6086,0.6295,0.7169,0.2703,1,2,1,2
0.4645,11.1333,0.4407,5,2,0.8764,4,15,0.4661,0.1342,0.4693,0.6282,1,1,0,0
0.5492,3.1353,0.548,3,3,0.4465,14,1,0.3458,0.3356,0.9468,0.4877,1,2,0,2
0.4747,10.6142,0.4961,4,3,0.905,24,1,0.0782,0.591,0.3923,0.8928,1,0,1,0
0.2984,8.5313,0.3966,5,1,0.2465,44,10,0.6221,0.1252,0.1123,0.4146,1,0,0,0
0.5213,3.1872,0.5411,2,7,0.6619,24,14,0.8615,0.3578,0.7279,0.1981,1,2,0,0
0.4081,11.8569,0.5173,4,8,0.892,31,6,0.4002,0.0589,0.7548,0.5874,1,2,0,0
0.3279,6.9673,0.2199,3,10,0.0035,48,8,0.3349,0.1855,0.4628,0.1827,0,1,0,0
0.3913,3.2441,0.5642,2,10,0.3587,21,11,0.1631,0.4544,0.9225,0.1377,0,2,1,1
0.5364,8.8428,0.7089,2,4,0.6165,25,17,0.9246,0.5692,0.0629,0.7824,2,0,1,0
0.5025,7.7464,0.4851,2,8,0.5156,21,4,0.367,0.5382,0.5209,0.7386,1,1,1,0
0.5492,2.59,0.6209,3,4,0.6171,50,16,0.6697,0.4437,0.3049,0.6083,1,0,1,0
0.5563,5.9167,0.6072,2,4,0.2117,2,6,0.4968,0.7266,0.8845,0.1397,0,2,2,2
0.4868,9.2821,0.4486,2,2,0.0072,41,14,0.226,0.4726,0.162,0.9209,1,0,1,0
0.5894,5.8528,0.5635,1,3,0.0148,12,18,0.3052,0.8416,0.288,0.8046,1,0,2,1
0.6746,3.5229,0.7769,4,7,0.6122,12,19,0.785,0.788,0.59,0.3516,1,1,2,1
0.5394,2.5456,0.6981,3,6,0.7611,26,9,0.5701,0.166,0.6226,0.9296,2,1,0,0
0.6211,6.0929,0.753,3,0,0.5974,10,2,0.7559,0.8087,0.6146,0.2842,1,1,2,1
0.5443,5.2603,0.4527,5,3,0.2277,23,13,0.6868,0.8785,0.1209,0.3942,1,0,2,0
0.605,8.0881,0.6428,3,1,0.6065,14,19,0.5319,0.2707,0.752,0.7574,1,2,0,0
0.4145,10.3023,0.2982,3,0,0.3713,25,7,0.4632,0.5863,0.1464,0.3042,0,0,1,0
0.4417,3.388,0.4326,1,6,0.0096,45,16,0.1162,0.9133,0.1187,0.6686,0,0,2,1
0.6351,9.2878,0.6903,1,0,0.8803,27,3,0.596,0.0783,0.9283,0.9444,2,2,0,0
0.3611,9.1413,0.3539,2,5,0.8929,16,4,0.0707,0.5106,0.1871,0.8302,1,0,1,0
0.5577,3.5271,0.5572,4,8,0.1643,26,8,0.9079,0.3637,0.5463,0.3149,1,1,0,1
0.4866,10.77,0.6039,4,8,0.4026,48,10,0.303,0.4035,0.5753,0.7398,1,1,1,0
0.5384,1.8545,0.6092,3,3,0.4858,3,3,0.6106,0.5966,0.4364,0.5604,1,1,1,2
0.6305,5.2563,0.6225,3,3,0.069,16,16,0.794,0.6306,0.9186,0.367,1,2,1,0
0.3099,7.3972,0.3434,4,6,0.3663,40,18,0.7516,0.1601,0.3367,0.0598,1,0,0,0
0.5072,9.4401,0.3899,2,2,0.3019,45,8,0.1426,0.3002,0.5971,0.845,1,1,0,0
0.6228,7.5523,0.6032,3,7,0.2708,16,8,0.7725,0.4988,0.9412,0.4291,1,2,1,0
0.7211,8.2701,0.8547,0,6,0.066,46,1,0.9392,0.8705,0.3059,0.8075,2,0,2,1
0.5398,8.8128,0.5125,5,9,0.4319,31,8,0.7009,0.2972,0.7283,0.4103,1,2,0,0
0.2619,8.7198,0.2097,1,2,0.4139,5,6,0.1593,0.3865,0.6062,0.0764,0,1,0,2
0.8052,2.6634,0.8788,0,3,0.8998,13,16,0.862,0.382,0.8626,0.9406,2,2,0,1
0.4335,9.4069,0.4849,6,4,0.8434,6,17,0.6015,0.7812,0.2929,0.2033,1,0,2,0
0.4429,3.8712,0.5709,2,1,0.2506,16,15,0.4521,0.1601,0.5248,0.5701,1,1,0,1
0.6565,1.6378,0.6054,4,2,0.2053,49,1,0.5527,0.8356,0.6435,0.7117,1,1,2,2
0.4079,3.117,0.4622,6,2,0.4793,16,9,0.1441,0.2378,0.5815,0.5249,0,1,0,1
0.69,4.725,0.609,3,1,0.8263,14,3,0.3773,0.9276,0.8311,0.5121,1,2,2,2
0.6388,4.2886,0.5772,0,4,0.8806,33,9,0.8386,0.7205,0.2665,0.8547,2,0,2,0
0.3004,5.9372,0.2476,3,7,0.2793,32,15,0.1856,0.502,0.5071,0.0978,0,1,1,0
0.5457,1.8747,0.6708,0,1,0.2529,11,1,0.5266,0.4943,0.4402,0.663,1,1,1,2
0.4499,3.6599,0.5732,2,3,0.7464,44,5,0.2538,0.6082,0.6942,0.4027,0,1,1,1
